event_id,Mag,list_records,count_records
AM-1988-0001,6,"['A.GUK.HNE.AM-1988-0001.csv', 'A.GUK.HNN.AM-1988-0001.csv']",2
AM-1988-0004,4,"['A.NAB.HNE.AM-1988-0004.csv', 'A.NAB.HNN.AM-1988-0004.csv']",2
AM-1989-0009,4,"['A.NAB.HNE.AM-1989-0009.csv', 'A.NAB.HNN.AM-1989-0009.csv']",2
AM-1990-0013,5,"['A.SBGD.HNE.AM-1990-0013.csv', 'A.SBGD.HNN.AM-1990-0013.csv', 'A.SBVR.HNE.AM-1990-0013.csv', 'A.SBVR.HNN.AM-1990-0013.csv', 'A.STRS.HNE.AM-1990-0013.csv', 'A.STRS.HNN.AM-1990-0013.csv']",6
EMSC-19980224_0000009,4,"['HI.ROD2.HN2.EMSC-19980224_0000009.csv', 'HI.ROD2.HN3.EMSC-19980224_0000009.csv', 'HI.ROD3.HN2.EMSC-19980224_0000009.csv', 'HI.ROD3.HN3.EMSC-19980224_0000009.csv']",4
EMSC-19981006_0000006,5,"['HI.KYP1.HN2.EMSC-19981006_0000006.csv', 'HI.KYP1.HN3.EMSC-19981006_0000006.csv']",2
EMSC-20061117_0000084,4,"['RA.PYBB.HNE.EMSC-20061117_0000084.csv', 'RA.PYBB.HNN.EMSC-20061117_0000084.csv']",2
EMSC-20080503_0000064,4,"['RA.PYCA.HNE.EMSC-20080503_0000064.csv', 'RA.PYCA.HNN.EMSC-20080503_0000064.csv']",2
EMSC-20080716_0000056,4,"['RA.PYAD.HNE.EMSC-20080716_0000056.csv', 'RA.PYAD.HNN.EMSC-20080716_0000056.csv']",2
EMSC-20090505_0000053,3,"['CH.SFRA.HGE.EMSC-20090505_0000053.csv', 'CH.SFRA.HGN.EMSC-20090505_0000053.csv']",2
EMSC-20110401_0000033,6,"['GE.KARP.HNE.EMSC-20110401_0000033.csv', 'GE.KARP.HNN.EMSC-20110401_0000033.csv', 'HL.KARP.HNE.EMSC-20110401_0000033.csv', 'HL.KARP.HNN.EMSC-20110401_0000033.csv']",4
EMSC-20120502_0000001,4,"['KO.FOCM.HNE.EMSC-20120502_0000001.csv', 'KO.FOCM.HNN.EMSC-20120502_0000001.csv', 'KO.KRBN.HNE.EMSC-20120502_0000001.csv', 'KO.KRBN.HNN.EMSC-20120502_0000001.csv']",4
EMSC-20120502_0000031,4,"['KO.FOCM.HNE.EMSC-20120502_0000031.csv', 'KO.FOCM.HNN.EMSC-20120502_0000031.csv']",2
EMSC-20120509_0000044,4,"['KO.SMAA.HNE.EMSC-20120509_0000044.csv', 'KO.SMAA.HNN.EMSC-20120509_0000044.csv']",2
EMSC-20120604_0000085,4,"['KO.MRSB.HNE.EMSC-20120604_0000085.csv', 'KO.MRSB.HNN.EMSC-20120604_0000085.csv']",2
EMSC-20120610_0000062,5,"['KO.DATC.HNE.EMSC-20120610_0000062.csv', 'KO.DATC.HNN.EMSC-20120610_0000062.csv']",2
EMSC-20120619_0000008,4,"['KO.SMAA.HNE.EMSC-20120619_0000008.csv', 'KO.SMAA.HNN.EMSC-20120619_0000008.csv']",2
EMSC-20120625_0000101,5,"['KO.MRSB.HNE.EMSC-20120625_0000101.csv', 'KO.MRSB.HNN.EMSC-20120625_0000101.csv']",2
EMSC-20120704_0000040,4,"['KO.GONE.HNE.EMSC-20120704_0000040.csv', 'KO.GONE.HNN.EMSC-20120704_0000040.csv']",2
EMSC-20120912_0000014,5,"['HL.GVD.HNE.EMSC-20120912_0000014.csv', 'HL.GVD.HNN.EMSC-20120912_0000014.csv']",2
EMSC-20121124_0000080,4,"['KO.DATC.HNE.EMSC-20121124_0000080.csv', 'KO.DATC.HNN.EMSC-20121124_0000080.csv']",2
EMSC-20130108_0000044,5,"['KO.ENZZ.HNE.EMSC-20130108_0000044.csv', 'KO.ENZZ.HNN.EMSC-20130108_0000044.csv', 'KO.GOKC.HNE.EMSC-20130108_0000044.csv', 'KO.GOKC.HNN.EMSC-20130108_0000044.csv', 'KO.GPNR.HNE.EMSC-20130108_0000044.csv', 'KO.GPNR.HNN.EMSC-20130108_0000044.csv']",6
EMSC-20130125_0000039,4,"['IV.BDI.HNE.EMSC-20130125_0000039.csv', 'IV.BDI.HNN.EMSC-20130125_0000039.csv']",2
EMSC-20130221_0000039,4,"['KO.DIDI.HNE.EMSC-20130221_0000039.csv', 'KO.DIDI.HNN.EMSC-20130221_0000039.csv']",2
EMSC-20130406_0000089,5,"['HL.GVD.HNE.EMSC-20130406_0000089.csv', 'HL.GVD.HNN.EMSC-20130406_0000089.csv']",2
EMSC-20131006_0000002,5,"['RO.GHRR.HNE.EMSC-20131006_0000002.csv', 'RO.GHRR.HNN.EMSC-20131006_0000002.csv']",2
EMSC-20131012_0000044,6,"['GE.IMMV.HNE.EMSC-20131012_0000044.csv', 'GE.IMMV.HNN.EMSC-20131012_0000044.csv', 'HL.IMMV.HNE.EMSC-20131012_0000044.csv', 'HL.IMMV.HNN.EMSC-20131012_0000044.csv']",4
EMSC-20131023_0000037,4,"['KO.SLFK.HNE.EMSC-20131023_0000037.csv', 'KO.SLFK.HNN.EMSC-20131023_0000037.csv']",2
EMSC-20140126_0000046,6,"['HL.VLMS.HNE.EMSC-20140126_0000046.csv', 'HL.VLMS.HNN.EMSC-20140126_0000046.csv']",2
EMSC-20140204_0000103,4,"['YP.AC03.HNE.EMSC-20140204_0000103.csv', 'YP.AC03.HNN.EMSC-20140204_0000103.csv']",2
EMSC-20140206_0000072,4,"['YP.AC01.HNE.EMSC-20140206_0000072.csv', 'YP.AC01.HNN.EMSC-20140206_0000072.csv', 'YP.AC03.HNE.EMSC-20140206_0000072.csv', 'YP.AC03.HNN.EMSC-20140206_0000072.csv', 'YP.AC05.HNE.EMSC-20140206_0000072.csv', 'YP.AC05.HNN.EMSC-20140206_0000072.csv']",6
EMSC-20140207_0000030,4,"['YP.AC03.HNE.EMSC-20140207_0000030.csv', 'YP.AC03.HNN.EMSC-20140207_0000030.csv', 'YP.AC05.HNE.EMSC-20140207_0000030.csv', 'YP.AC05.HNN.EMSC-20140207_0000030.csv']",4
EMSC-20140208_0000055,4,"['YP.AC05.HNE.EMSC-20140208_0000055.csv', 'YP.AC05.HNN.EMSC-20140208_0000055.csv']",2
EMSC-20140209_0000039,4,"['YP.AC02.HNE.EMSC-20140209_0000039.csv', 'YP.AC02.HNN.EMSC-20140209_0000039.csv', 'YP.AC03.HNE.EMSC-20140209_0000039.csv', 'YP.AC03.HNN.EMSC-20140209_0000039.csv', 'YP.AC05.HNE.EMSC-20140209_0000039.csv', 'YP.AC05.HNN.EMSC-20140209_0000039.csv']",6
EMSC-20140209_0000088,4,"['YP.AC02.HNE.EMSC-20140209_0000088.csv', 'YP.AC02.HNN.EMSC-20140209_0000088.csv', 'YP.AC03.HNE.EMSC-20140209_0000088.csv', 'YP.AC03.HNN.EMSC-20140209_0000088.csv']",4
EMSC-20140212_0000023,4,"['YP.AC02.HNE.EMSC-20140212_0000023.csv', 'YP.AC02.HNN.EMSC-20140212_0000023.csv', 'YP.AC03.HNE.EMSC-20140212_0000023.csv', 'YP.AC03.HNN.EMSC-20140212_0000023.csv', 'YP.AC04.HNE.EMSC-20140212_0000023.csv', 'YP.AC04.HNN.EMSC-20140212_0000023.csv', 'YP.AC05.HNE.EMSC-20140212_0000023.csv', 'YP.AC05.HNN.EMSC-20140212_0000023.csv']",8
EMSC-20140214_0000009,4,"['YP.AC03.HNE.EMSC-20140214_0000009.csv', 'YP.AC03.HNN.EMSC-20140214_0000009.csv', 'YP.AC05.HNE.EMSC-20140214_0000009.csv', 'YP.AC05.HNN.EMSC-20140214_0000009.csv']",4
EMSC-20140215_0000011,4,"['YP.AC01.HNE.EMSC-20140215_0000011.csv', 'YP.AC01.HNN.EMSC-20140215_0000011.csv', 'YP.AC03.HNE.EMSC-20140215_0000011.csv', 'YP.AC03.HNN.EMSC-20140215_0000011.csv', 'YP.AC05.HNE.EMSC-20140215_0000011.csv', 'YP.AC05.HNN.EMSC-20140215_0000011.csv']",6
EMSC-20140218_0000073,4,"['KO.ERCV.HNE.EMSC-20140218_0000073.csv', 'KO.ERCV.HNN.EMSC-20140218_0000073.csv']",2
EMSC-20140221_0000054,4,"['YP.AC01.HNE.EMSC-20140221_0000054.csv', 'YP.AC01.HNN.EMSC-20140221_0000054.csv', 'YP.AC03.HNE.EMSC-20140221_0000054.csv', 'YP.AC03.HNN.EMSC-20140221_0000054.csv', 'YP.AC04.HNE.EMSC-20140221_0000054.csv', 'YP.AC04.HNN.EMSC-20140221_0000054.csv', 'YP.AC05.HNE.EMSC-20140221_0000054.csv', 'YP.AC05.HNN.EMSC-20140221_0000054.csv']",8
EMSC-20140223_0000077,3,"['GE.KARP.HNE.EMSC-20140223_0000077.csv', 'GE.KARP.HNN.EMSC-20140223_0000077.csv', 'HL.KARP.HNE.EMSC-20140223_0000077.csv', 'HL.KARP.HNN.EMSC-20140223_0000077.csv']",4
EMSC-20140305_0000048,4,"['YP.AC02.HNE.EMSC-20140305_0000048.csv', 'YP.AC02.HNN.EMSC-20140305_0000048.csv', 'YP.AC03.HNE.EMSC-20140305_0000048.csv', 'YP.AC03.HNN.EMSC-20140305_0000048.csv', 'YP.AC04.HNE.EMSC-20140305_0000048.csv', 'YP.AC04.HNN.EMSC-20140305_0000048.csv']",6
EMSC-20140310_0000116,4,"['YP.AC03.HNE.EMSC-20140310_0000116.csv', 'YP.AC03.HNN.EMSC-20140310_0000116.csv']",2
EMSC-20140407_0000141,4,"['FR.SURF.HNE.EMSC-20140407_0000141.csv', 'FR.SURF.HNN.EMSC-20140407_0000141.csv']",2
EMSC-20140524_0000026,6,"['HL.LIA.HNE.EMSC-20140524_0000026.csv', 'HL.LIA.HNN.EMSC-20140524_0000026.csv', 'HL.SMTH.HNE.EMSC-20140524_0000026.csv', 'HL.SMTH.HNN.EMSC-20140524_0000026.csv']",4
EMSC-20140715_0000041,4,"['KO.SHAP.HNE.EMSC-20140715_0000041.csv', 'KO.SHAP.HNN.EMSC-20140715_0000041.csv', 'KO.SMAA.HNE.EMSC-20140715_0000041.csv', 'KO.SMAA.HNN.EMSC-20140715_0000041.csv']",4
EMSC-20140828_0000047,3,"['IT.GAI.HGE.EMSC-20140828_0000047.csv', 'IT.GAI.HGN.EMSC-20140828_0000047.csv']",2
EMSC-20140904_0000009,4,"['KO.MASR.HNE.EMSC-20140904_0000009.csv', 'KO.MASR.HNN.EMSC-20140904_0000009.csv']",2
EMSC-20140904_0000078,5,"['KO.KEMT.HNE.EMSC-20140904_0000078.csv', 'KO.KEMT.HNN.EMSC-20140904_0000078.csv']",2
EMSC-20140907_0000025,4,"['IT.PRT.HGE.EMSC-20140907_0000025.csv', 'IT.PRT.HGN.EMSC-20140907_0000025.csv', 'IT.SMP.HGE.EMSC-20140907_0000025.csv', 'IT.SMP.HGN.EMSC-20140907_0000025.csv']",4
EMSC-20141105_0000059,4,"['YP.AC03.HNE.EMSC-20141105_0000059.csv', 'YP.AC03.HNN.EMSC-20141105_0000059.csv', 'YP.AC10.HNE.EMSC-20141105_0000059.csv', 'YP.AC10.HNN.EMSC-20141105_0000059.csv']",4
EMSC-20141107_0000035,4,"['YP.AC01.HNE.EMSC-20141107_0000035.csv', 'YP.AC01.HNN.EMSC-20141107_0000035.csv', 'YP.AC03.HNE.EMSC-20141107_0000035.csv', 'YP.AC03.HNN.EMSC-20141107_0000035.csv', 'YP.AC09.HNE.EMSC-20141107_0000035.csv', 'YP.AC09.HNN.EMSC-20141107_0000035.csv', 'YP.AC11.HNE.EMSC-20141107_0000035.csv', 'YP.AC11.HNN.EMSC-20141107_0000035.csv']",8
EMSC-20141108_0000098,5,"['YP.AC01.HNE.EMSC-20141108_0000098.csv', 'YP.AC01.HNN.EMSC-20141108_0000098.csv', 'YP.AC03.HNE.EMSC-20141108_0000098.csv', 'YP.AC03.HNN.EMSC-20141108_0000098.csv', 'YP.AC09.HNE.EMSC-20141108_0000098.csv', 'YP.AC09.HNN.EMSC-20141108_0000098.csv', 'YP.AC11.HNE.EMSC-20141108_0000098.csv', 'YP.AC11.HNN.EMSC-20141108_0000098.csv']",8
EMSC-20141122_0000066,5,"['RO.CFR.HNE.EMSC-20141122_0000066.csv', 'RO.CFR.HNN.EMSC-20141122_0000066.csv', 'RO.GHRR.HNE.EMSC-20141122_0000066.csv', 'RO.GHRR.HNN.EMSC-20141122_0000066.csv', 'RO.GISR.HNE.EMSC-20141122_0000066.csv', 'RO.GISR.HNN.EMSC-20141122_0000066.csv', 'RO.ODBI.HNE.EMSC-20141122_0000066.csv', 'RO.ODBI.HNN.EMSC-20141122_0000066.csv', 'RO.PETR.HNE.EMSC-20141122_0000066.csv', 'RO.PETR.HNN.EMSC-20141122_0000066.csv', 'RO.TUDR.HNE.EMSC-20141122_0000066.csv', 'RO.TUDR.HNN.EMSC-20141122_0000066.csv']",12
EMSC-20141124_0000030,4,"['YP.AC03.HNE.EMSC-20141124_0000030.csv', 'YP.AC03.HNN.EMSC-20141124_0000030.csv', 'YP.AC09.HNE.EMSC-20141124_0000030.csv', 'YP.AC09.HNN.EMSC-20141124_0000030.csv', 'YP.AC10.HNE.EMSC-20141124_0000030.csv', 'YP.AC10.HNN.EMSC-20141124_0000030.csv']",6
EMSC-20141211_0000058,4,"['YP.AC03.HNE.EMSC-20141211_0000058.csv', 'YP.AC03.HNN.EMSC-20141211_0000058.csv', 'YP.AC09.HNE.EMSC-20141211_0000058.csv', 'YP.AC09.HNN.EMSC-20141211_0000058.csv']",4
EMSC-20141224_0000053,4,"['IT.SGPA.01.HGE.EMSC-20141224_0000053.csv', 'IT.SGPA.01.HGN.EMSC-20141224_0000053.csv']",2
EMSC-20150416_0000081,5,"['GE.KARP.HNE.EMSC-20150416_0000081.csv', 'GE.KARP.HNN.EMSC-20150416_0000081.csv', 'HL.KARP.HNE.EMSC-20150416_0000081.csv', 'HL.KARP.HNN.EMSC-20150416_0000081.csv', 'HL.ZKR.HNE.EMSC-20150416_0000081.csv', 'HL.ZKR.HNN.EMSC-20150416_0000081.csv']",6
EMSC-20150903_0000026,4,"['KO.SMAA.HNE.EMSC-20150903_0000026.csv', 'KO.SMAA.HNN.EMSC-20150903_0000026.csv']",2
EMSC-20150922_0000022,4,"['KO.SHAP.HNE.EMSC-20150922_0000022.csv', 'KO.SHAP.HNN.EMSC-20150922_0000022.csv', 'KO.SMAA.HNE.EMSC-20150922_0000022.csv', 'KO.SMAA.HNN.EMSC-20150922_0000022.csv']",4
EMSC-20150922_0000029,4,"['KO.SHAP.HNE.EMSC-20150922_0000029.csv', 'KO.SHAP.HNN.EMSC-20150922_0000029.csv', 'KO.SMAA.HNE.EMSC-20150922_0000029.csv', 'KO.SMAA.HNN.EMSC-20150922_0000029.csv']",4
EMSC-20151006_0000093,5,"['KO.DEMR.HNE.EMSC-20151006_0000093.csv', 'KO.DEMR.HNN.EMSC-20151006_0000093.csv']",2
EMSC-20151013_0000094,4,"['KO.SHAP.HNE.EMSC-20151013_0000094.csv', 'KO.SHAP.HNN.EMSC-20151013_0000094.csv', 'KO.SMAA.HNE.EMSC-20151013_0000094.csv', 'KO.SMAA.HNN.EMSC-20151013_0000094.csv']",4
EMSC-20160107_0000004,4,"['KO.ERCV.HNE.EMSC-20160107_0000004.csv', 'KO.ERCV.HNN.EMSC-20160107_0000004.csv']",2
EMSC-20160530_0000085,4,"['IT.CSD.HGE.EMSC-20160530_0000085.csv', 'IT.CSD.HGN.EMSC-20160530_0000085.csv']",2
EMSC-20160824_0000006,6,"['IT.AMT.HGE.EMSC-20160824_0000006.csv', 'IT.AMT.HGN.EMSC-20160824_0000006.csv', 'IT.AQG.HGE.EMSC-20160824_0000006.csv', 'IT.AQG.HGN.EMSC-20160824_0000006.csv', 'IT.AQK.HGE.EMSC-20160824_0000006.csv', 'IT.AQK.HGN.EMSC-20160824_0000006.csv', 'IT.AQV.HGE.EMSC-20160824_0000006.csv', 'IT.AQV.HGN.EMSC-20160824_0000006.csv', 'IT.ASP.HGE.EMSC-20160824_0000006.csv', 'IT.ASP.HGN.EMSC-20160824_0000006.csv', 'IT.CLF.HGE.EMSC-20160824_0000006.csv', 'IT.CLF.HGN.EMSC-20160824_0000006.csv', 'IT.CSC.HGE.EMSC-20160824_0000006.csv', 'IT.CSC.HGN.EMSC-20160824_0000006.csv', 'IT.FOC.HGE.EMSC-20160824_0000006.csv', 'IT.FOC.HGN.EMSC-20160824_0000006.csv', 'IT.FOS.HGE.EMSC-20160824_0000006.csv', 'IT.FOS.HGN.EMSC-20160824_0000006.csv', 'IT.MCT.HGE.EMSC-20160824_0000006.csv', 'IT.MCT.HGN.EMSC-20160824_0000006.csv', 'IT.MNF.HGE.EMSC-20160824_0000006.csv', 'IT.MNF.HGN.EMSC-20160824_0000006.csv', 'IT.MSC.HGE.EMSC-20160824_0000006.csv', 'IT.MSC.HGN.EMSC-20160824_0000006.csv', 'IT.MSCT.HGE.EMSC-20160824_0000006.csv', 'IT.MSCT.HGN.EMSC-20160824_0000006.csv', 'IT.MTL.HGE.EMSC-20160824_0000006.csv', 'IT.MTL.HGN.EMSC-20160824_0000006.csv', 'IT.MTR.HGE.EMSC-20160824_0000006.csv', 'IT.MTR.HGN.EMSC-20160824_0000006.csv', 'IT.NCR.HGE.EMSC-20160824_0000006.csv', 'IT.NCR.HGN.EMSC-20160824_0000006.csv', 'IT.NOR.HGE.EMSC-20160824_0000006.csv', 'IT.NOR.HGN.EMSC-20160824_0000006.csv', 'IT.NRC.HGE.EMSC-20160824_0000006.csv', 'IT.NRC.HGN.EMSC-20160824_0000006.csv', 'IT.PCB.HGE.EMSC-20160824_0000006.csv', 'IT.PCB.HGN.EMSC-20160824_0000006.csv', 'IT.SNO.HGE.EMSC-20160824_0000006.csv', 'IT.SNO.HGN.EMSC-20160824_0000006.csv', 'IT.SPD.HGE.EMSC-20160824_0000006.csv', 'IT.SPD.HGN.EMSC-20160824_0000006.csv', 'IT.SPM.HGE.EMSC-20160824_0000006.csv', 'IT.SPM.HGN.EMSC-20160824_0000006.csv', 'IT.TER.HGE.EMSC-20160824_0000006.csv', 'IT.TER.HGN.EMSC-20160824_0000006.csv', 'IT.TLN.HGE.EMSC-20160824_0000006.csv', 'IT.TLN.HGN.EMSC-20160824_0000006.csv', 'IT.TRE.HGE.EMSC-20160824_0000006.csv', 'IT.TRE.HGN.EMSC-20160824_0000006.csv', 'IT.VAL.HGE.EMSC-20160824_0000006.csv', 'IT.VAL.HGN.EMSC-20160824_0000006.csv', 'IV.FEMA.HNE.EMSC-20160824_0000006.csv', 'IV.FEMA.HNN.EMSC-20160824_0000006.csv', 'IV.GAG1.HNE.EMSC-20160824_0000006.csv', 'IV.GAG1.HNN.EMSC-20160824_0000006.csv', 'IV.MDAR.HNE.EMSC-20160824_0000006.csv', 'IV.MDAR.HNN.EMSC-20160824_0000006.csv', 'IV.MNTP.HNE.EMSC-20160824_0000006.csv', 'IV.MNTP.HNN.EMSC-20160824_0000006.csv', 'IV.RM33.HNE.EMSC-20160824_0000006.csv', 'IV.RM33.HNN.EMSC-20160824_0000006.csv', 'IV.SSFR.HNE.EMSC-20160824_0000006.csv', 'IV.SSFR.HNN.EMSC-20160824_0000006.csv', 'IV.TERO.HNE.EMSC-20160824_0000006.csv', 'IV.TERO.HNN.EMSC-20160824_0000006.csv', 'IV.TRE1.HNE.EMSC-20160824_0000006.csv', 'IV.TRE1.HNN.EMSC-20160824_0000006.csv']",68
EMSC-20160824_0000007,4,"['IT.AMT.HGE.EMSC-20160824_0000007.csv', 'IT.AMT.HGN.EMSC-20160824_0000007.csv', 'IT.PCB.HGE.EMSC-20160824_0000007.csv', 'IT.PCB.HGN.EMSC-20160824_0000007.csv']",4
EMSC-20160824_0000013,5,"['IT.AMT.HGE.EMSC-20160824_0000013.csv', 'IT.AMT.HGN.EMSC-20160824_0000013.csv', 'IT.CSC.HGE.EMSC-20160824_0000013.csv', 'IT.CSC.HGN.EMSC-20160824_0000013.csv', 'IT.FOC.HGE.EMSC-20160824_0000013.csv', 'IT.FOC.HGN.EMSC-20160824_0000013.csv', 'IT.NRC.HGE.EMSC-20160824_0000013.csv', 'IT.NRC.HGN.EMSC-20160824_0000013.csv', 'IT.PCB.HGE.EMSC-20160824_0000013.csv', 'IT.PCB.HGN.EMSC-20160824_0000013.csv', 'IT.SPM.HGE.EMSC-20160824_0000013.csv', 'IT.SPM.HGN.EMSC-20160824_0000013.csv', 'IV.FEMA.HNE.EMSC-20160824_0000013.csv', 'IV.FEMA.HNN.EMSC-20160824_0000013.csv', 'IV.GUMA.HNE.EMSC-20160824_0000013.csv', 'IV.GUMA.HNN.EMSC-20160824_0000013.csv', 'IV.RM33.HNE.EMSC-20160824_0000013.csv', 'IV.RM33.HNN.EMSC-20160824_0000013.csv']",18
EMSC-20160824_0000020,3,"['IT.NRC.HGE.EMSC-20160824_0000020.csv', 'IT.NRC.HGN.EMSC-20160824_0000020.csv']",2
EMSC-20160824_0000036,4,"['IT.PCB.HGE.EMSC-20160824_0000036.csv', 'IT.PCB.HGN.EMSC-20160824_0000036.csv']",2
EMSC-20160824_0000050,4,"['IT.NOR.HGE.EMSC-20160824_0000050.csv', 'IT.NOR.HGN.EMSC-20160824_0000050.csv', 'IT.NRC.HGE.EMSC-20160824_0000050.csv', 'IT.NRC.HGN.EMSC-20160824_0000050.csv', 'IV.NRCA.HNE.EMSC-20160824_0000050.csv', 'IV.NRCA.HNN.EMSC-20160824_0000050.csv']",6
EMSC-20160824_0000172,4,"['IT.FOC.HGE.EMSC-20160824_0000172.csv', 'IT.FOC.HGN.EMSC-20160824_0000172.csv', 'IT.NRC.HGE.EMSC-20160824_0000172.csv', 'IT.NRC.HGN.EMSC-20160824_0000172.csv']",4
EMSC-20160824_0000232,4,"['IT.ACC.HGE.EMSC-20160824_0000232.csv', 'IT.ACC.HGN.EMSC-20160824_0000232.csv', 'IT.AMT.HGE.EMSC-20160824_0000232.csv', 'IT.AMT.HGN.EMSC-20160824_0000232.csv', 'IV.NRCA.HNE.EMSC-20160824_0000232.csv', 'IV.NRCA.HNN.EMSC-20160824_0000232.csv', 'IV.T1201.HNE.EMSC-20160824_0000232.csv', 'IV.T1201.HNN.EMSC-20160824_0000232.csv']",8
EMSC-20160824_0000295,4,"['IV.RM33.HNE.EMSC-20160824_0000295.csv', 'IV.RM33.HNN.EMSC-20160824_0000295.csv']",2
EMSC-20160825_0000024,4,"['IV.NRCA.HNE.EMSC-20160825_0000024.csv', 'IV.NRCA.HNN.EMSC-20160825_0000024.csv', 'IV.T1213.HNE.EMSC-20160825_0000024.csv', 'IV.T1213.HNN.EMSC-20160825_0000024.csv', 'IV.T1214.HNE.EMSC-20160825_0000024.csv', 'IV.T1214.HNN.EMSC-20160825_0000024.csv', 'IV.T1242.HNE.EMSC-20160825_0000024.csv', 'IV.T1242.HNN.EMSC-20160825_0000024.csv']",8
EMSC-20160825_0000096,4,"['IT.AMT.HGE.EMSC-20160825_0000096.csv', 'IT.AMT.HGN.EMSC-20160825_0000096.csv', 'IT.PCB.HGE.EMSC-20160825_0000096.csv', 'IT.PCB.HGN.EMSC-20160825_0000096.csv', 'IV.T1201.HNE.EMSC-20160825_0000096.csv', 'IV.T1201.HNN.EMSC-20160825_0000096.csv']",6
EMSC-20160826_0000013,4,"['IT.AMT.HGE.EMSC-20160826_0000013.csv', 'IT.AMT.HGN.EMSC-20160826_0000013.csv', 'IT.MSCT.HGE.EMSC-20160826_0000013.csv', 'IT.MSCT.HGN.EMSC-20160826_0000013.csv', 'IT.PCB.HGE.EMSC-20160826_0000013.csv', 'IT.PCB.HGN.EMSC-20160826_0000013.csv', 'IV.T1201.HNE.EMSC-20160826_0000013.csv', 'IV.T1201.HNN.EMSC-20160826_0000013.csv']",8
EMSC-20160828_0000077,4,"['IT.CLO.HGE.EMSC-20160828_0000077.csv', 'IT.CLO.HGN.EMSC-20160828_0000077.csv', 'IT.CNE.HGE.EMSC-20160828_0000077.csv', 'IT.CNE.HGN.EMSC-20160828_0000077.csv', 'IT.MMO.HGE.EMSC-20160828_0000077.csv', 'IT.MMO.HGN.EMSC-20160828_0000077.csv', 'IV.NRCA.HNE.EMSC-20160828_0000077.csv', 'IV.NRCA.HNN.EMSC-20160828_0000077.csv', 'IV.T1242.HNE.EMSC-20160828_0000077.csv', 'IV.T1242.HNN.EMSC-20160828_0000077.csv']",10
EMSC-20160903_0000009,4,"['IT.CMI.HGE.EMSC-20160903_0000009.csv', 'IT.CMI.HGN.EMSC-20160903_0000009.csv', 'IT.CNE.HGE.EMSC-20160903_0000009.csv', 'IT.CNE.HGN.EMSC-20160903_0000009.csv', 'IT.FOC.HGE.EMSC-20160903_0000009.csv', 'IT.FOC.HGN.EMSC-20160903_0000009.csv', 'IT.NCR.HGE.EMSC-20160903_0000009.csv', 'IT.NCR.HGN.EMSC-20160903_0000009.csv', 'IT.NOR.HGE.EMSC-20160903_0000009.csv', 'IT.NOR.HGN.EMSC-20160903_0000009.csv', 'IT.NRC.HGE.EMSC-20160903_0000009.csv', 'IT.NRC.HGN.EMSC-20160903_0000009.csv', 'IV.NRCA.HNE.EMSC-20160903_0000009.csv', 'IV.NRCA.HNN.EMSC-20160903_0000009.csv']",14
EMSC-20160903_0000063,4,"['IT.CLO.HGE.EMSC-20160903_0000063.csv', 'IT.CLO.HGN.EMSC-20160903_0000063.csv', 'IT.FCC.HGE.EMSC-20160903_0000063.csv', 'IT.FCC.HGN.EMSC-20160903_0000063.csv', 'IT.RQT.HGE.EMSC-20160903_0000063.csv', 'IT.RQT.HGN.EMSC-20160903_0000063.csv', 'IV.NRCA.HNE.EMSC-20160903_0000063.csv', 'IV.NRCA.HNN.EMSC-20160903_0000063.csv', 'IV.T1242.HNE.EMSC-20160903_0000063.csv', 'IV.T1242.HNN.EMSC-20160903_0000063.csv']",10
EMSC-20160923_0000135,5,"['RO.GHRR.HNE.EMSC-20160923_0000135.csv', 'RO.GHRR.HNN.EMSC-20160923_0000135.csv', 'RO.IAS.HNE.EMSC-20160923_0000135.csv', 'RO.IAS.HNN.EMSC-20160923_0000135.csv']",4
EMSC-20161026_0000077,5,"['IT.ACC.HGE.EMSC-20161026_0000077.csv', 'IT.ACC.HGN.EMSC-20161026_0000077.csv', 'IT.ACT.HGE.EMSC-20161026_0000077.csv', 'IT.ACT.HGN.EMSC-20161026_0000077.csv', 'IT.AMT.HGE.EMSC-20161026_0000077.csv', 'IT.AMT.HGN.EMSC-20161026_0000077.csv', 'IT.CIT.HGE.EMSC-20161026_0000077.csv', 'IT.CIT.HGN.EMSC-20161026_0000077.csv', 'IT.CLF.HGE.EMSC-20161026_0000077.csv', 'IT.CLF.HGN.EMSC-20161026_0000077.csv', 'IT.CLO.HGE.EMSC-20161026_0000077.csv', 'IT.CLO.HGN.EMSC-20161026_0000077.csv', 'IT.CMI.HGE.EMSC-20161026_0000077.csv', 'IT.CMI.HGN.EMSC-20161026_0000077.csv', 'IT.CNE.HGE.EMSC-20161026_0000077.csv', 'IT.CNE.HGN.EMSC-20161026_0000077.csv', 'IT.CSC.HGE.EMSC-20161026_0000077.csv', 'IT.CSC.HGN.EMSC-20161026_0000077.csv', 'IT.FOC.HGE.EMSC-20161026_0000077.csv', 'IT.FOC.HGN.EMSC-20161026_0000077.csv', 'IT.FOS.HGE.EMSC-20161026_0000077.csv', 'IT.FOS.HGN.EMSC-20161026_0000077.csv', 'IT.MCV.HGE.EMSC-20161026_0000077.csv', 'IT.MCV.HGN.EMSC-20161026_0000077.csv', 'IT.MMO.HGE.EMSC-20161026_0000077.csv', 'IT.MMO.HGN.EMSC-20161026_0000077.csv', 'IT.MNF.HGE.EMSC-20161026_0000077.csv', 'IT.MNF.HGN.EMSC-20161026_0000077.csv', 'IT.NCR.HGE.EMSC-20161026_0000077.csv', 'IT.NCR.HGN.EMSC-20161026_0000077.csv', 'IT.NOR.HGE.EMSC-20161026_0000077.csv', 'IT.NOR.HGN.EMSC-20161026_0000077.csv', 'IT.NRC.HGE.EMSC-20161026_0000077.csv', 'IT.NRC.HGN.EMSC-20161026_0000077.csv', 'IT.PCB.HGE.EMSC-20161026_0000077.csv', 'IT.PCB.HGN.EMSC-20161026_0000077.csv', 'IT.PRE.HGE.EMSC-20161026_0000077.csv', 'IT.PRE.HGN.EMSC-20161026_0000077.csv', 'IT.RQT.HGE.EMSC-20161026_0000077.csv', 'IT.RQT.HGN.EMSC-20161026_0000077.csv', 'IT.SLO.HGE.EMSC-20161026_0000077.csv', 'IT.SLO.HGN.EMSC-20161026_0000077.csv', 'IT.SPM.HGE.EMSC-20161026_0000077.csv', 'IT.SPM.HGN.EMSC-20161026_0000077.csv', 'IV.FEMA.HNE.EMSC-20161026_0000077.csv', 'IV.FEMA.HNN.EMSC-20161026_0000077.csv', 'IV.SEF1.HNE.EMSC-20161026_0000077.csv', 'IV.SEF1.HNN.EMSC-20161026_0000077.csv', 'IV.T1201.HNE.EMSC-20161026_0000077.csv', 'IV.T1201.HNN.EMSC-20161026_0000077.csv', 'IV.T1212.HNE.EMSC-20161026_0000077.csv', 'IV.T1212.HNN.EMSC-20161026_0000077.csv', 'IV.T1214.HNE.EMSC-20161026_0000077.csv', 'IV.T1214.HNN.EMSC-20161026_0000077.csv', 'IV.T1216.HNE.EMSC-20161026_0000077.csv', 'IV.T1216.HNN.EMSC-20161026_0000077.csv', 'IV.T1217.HNE.EMSC-20161026_0000077.csv', 'IV.T1217.HNN.EMSC-20161026_0000077.csv', 'IV.T1218.HNE.EMSC-20161026_0000077.csv', 'IV.T1218.HNN.EMSC-20161026_0000077.csv', 'IV.T1243.HNE.EMSC-20161026_0000077.csv', 'IV.T1243.HNN.EMSC-20161026_0000077.csv', 'IV.T1244.HNE.EMSC-20161026_0000077.csv', 'IV.T1244.HNN.EMSC-20161026_0000077.csv', 'XO.AM05.HNE.EMSC-20161026_0000077.csv', 'XO.AM05.HNN.EMSC-20161026_0000077.csv']",66
EMSC-20161026_0000095,5,"['IT.ACC.HGE.EMSC-20161026_0000095.csv', 'IT.ACC.HGN.EMSC-20161026_0000095.csv', 'IT.ACT.HGE.EMSC-20161026_0000095.csv', 'IT.ACT.HGN.EMSC-20161026_0000095.csv', 'IT.AMT.HGE.EMSC-20161026_0000095.csv', 'IT.AMT.HGN.EMSC-20161026_0000095.csv', 'IT.ASP.HGE.EMSC-20161026_0000095.csv', 'IT.ASP.HGN.EMSC-20161026_0000095.csv', 'IT.CIT.HGE.EMSC-20161026_0000095.csv', 'IT.CIT.HGN.EMSC-20161026_0000095.csv', 'IT.CLF.HGE.EMSC-20161026_0000095.csv', 'IT.CLF.HGN.EMSC-20161026_0000095.csv', 'IT.CLO.HGE.EMSC-20161026_0000095.csv', 'IT.CLO.HGN.EMSC-20161026_0000095.csv', 'IT.CMI.HGE.EMSC-20161026_0000095.csv', 'IT.CMI.HGN.EMSC-20161026_0000095.csv', 'IT.CNE.HGE.EMSC-20161026_0000095.csv', 'IT.CNE.HGN.EMSC-20161026_0000095.csv', 'IT.CSC.HGE.EMSC-20161026_0000095.csv', 'IT.CSC.HGN.EMSC-20161026_0000095.csv', 'IT.FBR.HGE.EMSC-20161026_0000095.csv', 'IT.FBR.HGN.EMSC-20161026_0000095.csv', 'IT.FOC.HGE.EMSC-20161026_0000095.csv', 'IT.FOC.HGN.EMSC-20161026_0000095.csv', 'IT.FOS.HGE.EMSC-20161026_0000095.csv', 'IT.FOS.HGN.EMSC-20161026_0000095.csv', 'IT.MCT.HGE.EMSC-20161026_0000095.csv', 'IT.MCT.HGN.EMSC-20161026_0000095.csv', 'IT.MCV.HGE.EMSC-20161026_0000095.csv', 'IT.MCV.HGN.EMSC-20161026_0000095.csv', 'IT.MMO.HGE.EMSC-20161026_0000095.csv', 'IT.MMO.HGN.EMSC-20161026_0000095.csv', 'IT.MNF.HGE.EMSC-20161026_0000095.csv', 'IT.MNF.HGN.EMSC-20161026_0000095.csv', 'IT.MTL.HGE.EMSC-20161026_0000095.csv', 'IT.MTL.HGN.EMSC-20161026_0000095.csv', 'IT.NOR.HGE.EMSC-20161026_0000095.csv', 'IT.NOR.HGN.EMSC-20161026_0000095.csv', 'IT.NRC.HGE.EMSC-20161026_0000095.csv', 'IT.NRC.HGN.EMSC-20161026_0000095.csv', 'IT.PRE.HGE.EMSC-20161026_0000095.csv', 'IT.PRE.HGN.EMSC-20161026_0000095.csv', 'IT.SLO.HGE.EMSC-20161026_0000095.csv', 'IT.SLO.HGN.EMSC-20161026_0000095.csv', 'IT.SNG.HGE.EMSC-20161026_0000095.csv', 'IT.SNG.HGN.EMSC-20161026_0000095.csv', 'IT.SNO.HGE.EMSC-20161026_0000095.csv', 'IT.SNO.HGN.EMSC-20161026_0000095.csv', 'IT.SPM.HGE.EMSC-20161026_0000095.csv', 'IT.SPM.HGN.EMSC-20161026_0000095.csv', 'IT.TLN.HGE.EMSC-20161026_0000095.csv', 'IT.TLN.HGN.EMSC-20161026_0000095.csv', 'IV.GUMA.HNE.EMSC-20161026_0000095.csv', 'IV.GUMA.HNN.EMSC-20161026_0000095.csv', 'IV.MDAR.HNE.EMSC-20161026_0000095.csv', 'IV.MDAR.HNN.EMSC-20161026_0000095.csv', 'IV.MMUR.HNE.EMSC-20161026_0000095.csv', 'IV.MMUR.HNN.EMSC-20161026_0000095.csv', 'IV.MNTP.HNE.EMSC-20161026_0000095.csv', 'IV.MNTP.HNN.EMSC-20161026_0000095.csv', 'IV.T1201.HNE.EMSC-20161026_0000095.csv', 'IV.T1201.HNN.EMSC-20161026_0000095.csv', 'IV.T1212.HNE.EMSC-20161026_0000095.csv', 'IV.T1212.HNN.EMSC-20161026_0000095.csv', 'IV.T1214.HNE.EMSC-20161026_0000095.csv', 'IV.T1214.HNN.EMSC-20161026_0000095.csv', 'IV.T1216.HNE.EMSC-20161026_0000095.csv', 'IV.T1216.HNN.EMSC-20161026_0000095.csv', 'IV.T1218.HNE.EMSC-20161026_0000095.csv', 'IV.T1218.HNN.EMSC-20161026_0000095.csv', 'IV.T1243.HNE.EMSC-20161026_0000095.csv', 'IV.T1243.HNN.EMSC-20161026_0000095.csv', 'IV.T1244.HNE.EMSC-20161026_0000095.csv', 'IV.T1244.HNN.EMSC-20161026_0000095.csv', 'IV.TRE1.HNE.EMSC-20161026_0000095.csv', 'IV.TRE1.HNN.EMSC-20161026_0000095.csv', 'XO.AM05.HNE.EMSC-20161026_0000095.csv', 'XO.AM05.HNN.EMSC-20161026_0000095.csv']",78
EMSC-20161026_0000133,4,"['IT.ACT.HGE.EMSC-20161026_0000133.csv', 'IT.ACT.HGN.EMSC-20161026_0000133.csv', 'IT.CLO.HGE.EMSC-20161026_0000133.csv', 'IT.CLO.HGN.EMSC-20161026_0000133.csv', 'IT.CMI.HGE.EMSC-20161026_0000133.csv', 'IT.CMI.HGN.EMSC-20161026_0000133.csv', 'IT.CNE.HGE.EMSC-20161026_0000133.csv', 'IT.CNE.HGN.EMSC-20161026_0000133.csv', 'IT.MMO.HGE.EMSC-20161026_0000133.csv', 'IT.MMO.HGN.EMSC-20161026_0000133.csv', 'IT.NRC.HGE.EMSC-20161026_0000133.csv', 'IT.NRC.HGN.EMSC-20161026_0000133.csv', 'IT.PRE.HGE.EMSC-20161026_0000133.csv', 'IT.PRE.HGN.EMSC-20161026_0000133.csv', 'IT.RQT.HGE.EMSC-20161026_0000133.csv', 'IT.RQT.HGN.EMSC-20161026_0000133.csv', 'IV.T1244.HNE.EMSC-20161026_0000133.csv', 'IV.T1244.HNN.EMSC-20161026_0000133.csv', 'IV.T1245.HNE.EMSC-20161026_0000133.csv', 'IV.T1245.HNN.EMSC-20161026_0000133.csv']",20
EMSC-20161027_0000016,4,"['IT.CLO.HGE.EMSC-20161027_0000016.csv', 'IT.CLO.HGN.EMSC-20161027_0000016.csv', 'IT.CNE.HGE.EMSC-20161027_0000016.csv', 'IT.CNE.HGN.EMSC-20161027_0000016.csv', 'IT.RQT.HGE.EMSC-20161027_0000016.csv', 'IT.RQT.HGN.EMSC-20161027_0000016.csv']",6
EMSC-20161027_0000072,4,"['IT.CLO.HGE.EMSC-20161027_0000072.csv', 'IT.CLO.HGN.EMSC-20161027_0000072.csv', 'IT.CMI.HGE.EMSC-20161027_0000072.csv', 'IT.CMI.HGN.EMSC-20161027_0000072.csv', 'IT.FOC.HGE.EMSC-20161027_0000072.csv', 'IT.FOC.HGN.EMSC-20161027_0000072.csv', 'IV.NRCA.HNE.EMSC-20161027_0000072.csv', 'IV.NRCA.HNN.EMSC-20161027_0000072.csv']",8
EMSC-20161030_0000029,6,"['IT.ACC.HGE.EMSC-20161030_0000029.csv', 'IT.ACC.HGN.EMSC-20161030_0000029.csv', 'IT.ACT.HGE.EMSC-20161030_0000029.csv', 'IT.ACT.HGN.EMSC-20161030_0000029.csv', 'IT.AMT.HGE.EMSC-20161030_0000029.csv', 'IT.AMT.HGN.EMSC-20161030_0000029.csv', 'IT.ANT.HGE.EMSC-20161030_0000029.csv', 'IT.ANT.HGN.EMSC-20161030_0000029.csv', 'IT.AQF.HGE.EMSC-20161030_0000029.csv', 'IT.AQF.HGN.EMSC-20161030_0000029.csv', 'IT.AQG.HGE.EMSC-20161030_0000029.csv', 'IT.AQG.HGN.EMSC-20161030_0000029.csv', 'IT.AQK.HGE.EMSC-20161030_0000029.csv', 'IT.AQK.HGN.EMSC-20161030_0000029.csv', 'IT.AQV.HGE.EMSC-20161030_0000029.csv', 'IT.AQV.HGN.EMSC-20161030_0000029.csv', 'IT.ASP.HGE.EMSC-20161030_0000029.csv', 'IT.ASP.HGN.EMSC-20161030_0000029.csv', 'IT.BRS.HGE.EMSC-20161030_0000029.csv', 'IT.BRS.HGN.EMSC-20161030_0000029.csv', 'IT.BVG.HGE.EMSC-20161030_0000029.csv', 'IT.BVG.HGN.EMSC-20161030_0000029.csv', 'IT.CIT.HGE.EMSC-20161030_0000029.csv', 'IT.CIT.HGN.EMSC-20161030_0000029.csv', 'IT.CLF.HGE.EMSC-20161030_0000029.csv', 'IT.CLF.HGN.EMSC-20161030_0000029.csv', 'IT.CLO.HGE.EMSC-20161030_0000029.csv', 'IT.CLO.HGN.EMSC-20161030_0000029.csv', 'IT.CNE.HGE.EMSC-20161030_0000029.csv', 'IT.CNE.HGN.EMSC-20161030_0000029.csv', 'IT.CSA.HGE.EMSC-20161030_0000029.csv', 'IT.CSA.HGN.EMSC-20161030_0000029.csv', 'IT.CSC.HGE.EMSC-20161030_0000029.csv', 'IT.CSC.HGN.EMSC-20161030_0000029.csv', 'IT.CTD.HGE.EMSC-20161030_0000029.csv', 'IT.CTD.HGN.EMSC-20161030_0000029.csv', 'IT.FBR.HGE.EMSC-20161030_0000029.csv', 'IT.FBR.HGN.EMSC-20161030_0000029.csv', 'IT.FOC.HGE.EMSC-20161030_0000029.csv', 'IT.FOC.HGN.EMSC-20161030_0000029.csv', 'IT.FOPC.HGE.EMSC-20161030_0000029.csv', 'IT.FOPC.HGN.EMSC-20161030_0000029.csv', 'IT.FOS.HGE.EMSC-20161030_0000029.csv', 'IT.FOS.HGN.EMSC-20161030_0000029.csv', 'IT.GBP.HGE.EMSC-20161030_0000029.csv', 'IT.GBP.HGN.EMSC-20161030_0000029.csv', 'IT.GSA.HGE.EMSC-20161030_0000029.csv', 'IT.GSA.HGN.EMSC-20161030_0000029.csv', 'IT.LSS.HGE.EMSC-20161030_0000029.csv', 'IT.LSS.HGN.EMSC-20161030_0000029.csv', 'IT.MCV.HGE.EMSC-20161030_0000029.csv', 'IT.MCV.HGN.EMSC-20161030_0000029.csv', 'IT.MMO.HGE.EMSC-20161030_0000029.csv', 'IT.MMO.HGN.EMSC-20161030_0000029.csv', 'IT.MNF.HGE.EMSC-20161030_0000029.csv', 'IT.MNF.HGN.EMSC-20161030_0000029.csv', 'IT.MSC.HGE.EMSC-20161030_0000029.csv', 'IT.MSC.HGN.EMSC-20161030_0000029.csv', 'IT.MSCT.HGE.EMSC-20161030_0000029.csv', 'IT.MSCT.HGN.EMSC-20161030_0000029.csv', 'IT.MTL.HGE.EMSC-20161030_0000029.csv', 'IT.MTL.HGN.EMSC-20161030_0000029.csv', 'IT.NCR.HGE.EMSC-20161030_0000029.csv', 'IT.NCR.HGN.EMSC-20161030_0000029.csv', 'IT.NOR.HGE.EMSC-20161030_0000029.csv', 'IT.NOR.HGN.EMSC-20161030_0000029.csv', 'IT.NRC.HGE.EMSC-20161030_0000029.csv', 'IT.NRC.HGN.EMSC-20161030_0000029.csv', 'IT.PCB.HGE.EMSC-20161030_0000029.csv', 'IT.PCB.HGN.EMSC-20161030_0000029.csv', 'IT.PGG.HGE.EMSC-20161030_0000029.csv', 'IT.PGG.HGN.EMSC-20161030_0000029.csv', 'IT.PRE.HGE.EMSC-20161030_0000029.csv', 'IT.PRE.HGN.EMSC-20161030_0000029.csv', 'IT.PTI.HGE.EMSC-20161030_0000029.csv', 'IT.PTI.HGN.EMSC-20161030_0000029.csv', 'IT.PZI1.HGE.EMSC-20161030_0000029.csv', 'IT.PZI1.HGN.EMSC-20161030_0000029.csv', 'IT.RTI.HGE.EMSC-20161030_0000029.csv', 'IT.RTI.HGN.EMSC-20161030_0000029.csv', 'IT.SBT.HGE.EMSC-20161030_0000029.csv', 'IT.SBT.HGN.EMSC-20161030_0000029.csv', 'IT.SNI.HGE.EMSC-20161030_0000029.csv', 'IT.SNI.HGN.EMSC-20161030_0000029.csv', 'IT.SNO.HGE.EMSC-20161030_0000029.csv', 'IT.SNO.HGN.EMSC-20161030_0000029.csv', 'IT.SPD.HGE.EMSC-20161030_0000029.csv', 'IT.SPD.HGN.EMSC-20161030_0000029.csv', 'IT.SPM.HGE.EMSC-20161030_0000029.csv', 'IT.SPM.HGN.EMSC-20161030_0000029.csv', 'IT.SPO1.HGE.EMSC-20161030_0000029.csv', 'IT.SPO1.HGN.EMSC-20161030_0000029.csv', 'IT.TER.HGE.EMSC-20161030_0000029.csv', 'IT.TER.HGN.EMSC-20161030_0000029.csv', 'IT.TLN.HGE.EMSC-20161030_0000029.csv', 'IT.TLN.HGN.EMSC-20161030_0000029.csv', 'IT.TRE.HGE.EMSC-20161030_0000029.csv', 'IT.TRE.HGN.EMSC-20161030_0000029.csv', 'IT.TRL.HGE.EMSC-20161030_0000029.csv', 'IT.TRL.HGN.EMSC-20161030_0000029.csv', 'IT.VAL.HGE.EMSC-20161030_0000029.csv', 'IT.VAL.HGN.EMSC-20161030_0000029.csv', 'IV.GAG1.HNE.EMSC-20161030_0000029.csv', 'IV.GAG1.HNN.EMSC-20161030_0000029.csv', 'IV.MDAR.HNE.EMSC-20161030_0000029.csv', 'IV.MDAR.HNN.EMSC-20161030_0000029.csv', 'IV.SSM1.HNE.EMSC-20161030_0000029.csv', 'IV.SSM1.HNN.EMSC-20161030_0000029.csv', 'IV.T1201.HNE.EMSC-20161030_0000029.csv', 'IV.T1201.HNN.EMSC-20161030_0000029.csv', 'IV.T1211.HNE.EMSC-20161030_0000029.csv', 'IV.T1211.HNN.EMSC-20161030_0000029.csv', 'IV.T1212.HNE.EMSC-20161030_0000029.csv', 'IV.T1212.HNN.EMSC-20161030_0000029.csv', 'IV.T1213.HNE.EMSC-20161030_0000029.csv', 'IV.T1213.HNN.EMSC-20161030_0000029.csv', 'IV.T1214.HNE.EMSC-20161030_0000029.csv', 'IV.T1214.HNN.EMSC-20161030_0000029.csv', 'IV.T1215.HNE.EMSC-20161030_0000029.csv', 'IV.T1215.HNN.EMSC-20161030_0000029.csv', 'IV.T1216.HNE.EMSC-20161030_0000029.csv', 'IV.T1216.HNN.EMSC-20161030_0000029.csv', 'IV.T1217.HNE.EMSC-20161030_0000029.csv', 'IV.T1217.HNN.EMSC-20161030_0000029.csv', 'IV.T1219.HNE.EMSC-20161030_0000029.csv', 'IV.T1219.HNN.EMSC-20161030_0000029.csv', 'IV.T1220.HNE.EMSC-20161030_0000029.csv', 'IV.T1220.HNN.EMSC-20161030_0000029.csv', 'IV.T1244.HNE.EMSC-20161030_0000029.csv', 'IV.T1244.HNN.EMSC-20161030_0000029.csv', 'IV.T1299.HNE.EMSC-20161030_0000029.csv', 'IV.T1299.HNN.EMSC-20161030_0000029.csv', 'IV.TERO.HNE.EMSC-20161030_0000029.csv', 'IV.TERO.HNN.EMSC-20161030_0000029.csv', 'IV.TRE1.HNE.EMSC-20161030_0000029.csv', 'IV.TRE1.HNN.EMSC-20161030_0000029.csv', 'XO.AM05.HNE.EMSC-20161030_0000029.csv', 'XO.AM05.HNN.EMSC-20161030_0000029.csv']",138
EMSC-20161030_0000033,4,"['IT.ACC.HGE.EMSC-20161030_0000033.csv', 'IT.ACC.HGN.EMSC-20161030_0000033.csv', 'IV.T1201.HNE.EMSC-20161030_0000033.csv', 'IV.T1201.HNN.EMSC-20161030_0000033.csv', 'IV.T1218.HNE.EMSC-20161030_0000033.csv', 'IV.T1218.HNN.EMSC-20161030_0000033.csv', 'IV.T1244.HNE.EMSC-20161030_0000033.csv', 'IV.T1244.HNN.EMSC-20161030_0000033.csv']",8
EMSC-20161030_0000037,4,"['IV.T1218.HNE.EMSC-20161030_0000037.csv', 'IV.T1218.HNN.EMSC-20161030_0000037.csv']",2
EMSC-20161030_0000088,3,"['IV.T1213.HNE.EMSC-20161030_0000088.csv', 'IV.T1213.HNN.EMSC-20161030_0000088.csv']",2
EMSC-20161030_0000116,4,"['IV.T1220.HNE.EMSC-20161030_0000116.csv', 'IV.T1220.HNN.EMSC-20161030_0000116.csv']",2
EMSC-20161030_0000130,4,"['IT.NRC.HGE.EMSC-20161030_0000130.csv', 'IT.NRC.HGN.EMSC-20161030_0000130.csv', 'IV.T1212.HNE.EMSC-20161030_0000130.csv', 'IV.T1212.HNN.EMSC-20161030_0000130.csv', 'IV.T1213.HNE.EMSC-20161030_0000130.csv', 'IV.T1213.HNN.EMSC-20161030_0000130.csv']",6
EMSC-20161030_0000135,4,"['IT.CSC.HGE.EMSC-20161030_0000135.csv', 'IT.CSC.HGN.EMSC-20161030_0000135.csv', 'IT.FCC.HGE.EMSC-20161030_0000135.csv', 'IT.FCC.HGN.EMSC-20161030_0000135.csv', 'IT.FOC.HGE.EMSC-20161030_0000135.csv', 'IT.FOC.HGN.EMSC-20161030_0000135.csv', 'IT.NRC.HGE.EMSC-20161030_0000135.csv', 'IT.NRC.HGN.EMSC-20161030_0000135.csv', 'IT.PRE.HGE.EMSC-20161030_0000135.csv', 'IT.PRE.HGN.EMSC-20161030_0000135.csv', 'IV.FEMA.HNE.EMSC-20161030_0000135.csv', 'IV.FEMA.HNN.EMSC-20161030_0000135.csv', 'IV.T1212.HNE.EMSC-20161030_0000135.csv', 'IV.T1212.HNN.EMSC-20161030_0000135.csv', 'IV.T1213.HNE.EMSC-20161030_0000135.csv', 'IV.T1213.HNN.EMSC-20161030_0000135.csv', 'IV.T1214.HNE.EMSC-20161030_0000135.csv', 'IV.T1214.HNN.EMSC-20161030_0000135.csv', 'IV.T1216.HNE.EMSC-20161030_0000135.csv', 'IV.T1216.HNN.EMSC-20161030_0000135.csv', 'IV.T1219.HNE.EMSC-20161030_0000135.csv', 'IV.T1219.HNN.EMSC-20161030_0000135.csv']",22
EMSC-20161030_0000170,4,"['IT.RQT.HGE.EMSC-20161030_0000170.csv', 'IT.RQT.HGN.EMSC-20161030_0000170.csv', 'IV.T1213.HNE.EMSC-20161030_0000170.csv', 'IV.T1213.HNN.EMSC-20161030_0000170.csv', 'IV.T1214.HNE.EMSC-20161030_0000170.csv', 'IV.T1214.HNN.EMSC-20161030_0000170.csv']",6
EMSC-20161031_0000053,4,"['IT.FCC.HGE.EMSC-20161031_0000053.csv', 'IT.FCC.HGN.EMSC-20161031_0000053.csv', 'IT.NRC.HGE.EMSC-20161031_0000053.csv', 'IT.NRC.HGN.EMSC-20161031_0000053.csv', 'IV.T1212.HNE.EMSC-20161031_0000053.csv', 'IV.T1212.HNN.EMSC-20161031_0000053.csv', 'IV.T1213.HNE.EMSC-20161031_0000053.csv', 'IV.T1213.HNN.EMSC-20161031_0000053.csv', 'IV.T1214.HNE.EMSC-20161031_0000053.csv', 'IV.T1214.HNN.EMSC-20161031_0000053.csv', 'IV.T1218.HNE.EMSC-20161031_0000053.csv', 'IV.T1218.HNN.EMSC-20161031_0000053.csv']",12
EMSC-20161031_0000097,4,"['IT.CMI.HGE.EMSC-20161031_0000097.csv', 'IT.CMI.HGN.EMSC-20161031_0000097.csv', 'IT.NRC.HGE.EMSC-20161031_0000097.csv', 'IT.NRC.HGN.EMSC-20161031_0000097.csv', 'IT.PRE.HGE.EMSC-20161031_0000097.csv', 'IT.PRE.HGN.EMSC-20161031_0000097.csv', 'IT.RQT.HGE.EMSC-20161031_0000097.csv', 'IT.RQT.HGN.EMSC-20161031_0000097.csv', 'IV.T1213.HNE.EMSC-20161031_0000097.csv', 'IV.T1213.HNN.EMSC-20161031_0000097.csv']",10
EMSC-20161101_0000060,4,"['IT.CMI.HGE.EMSC-20161101_0000060.csv', 'IT.CMI.HGN.EMSC-20161101_0000060.csv', 'IT.FCC.HGE.EMSC-20161101_0000060.csv', 'IT.FCC.HGN.EMSC-20161101_0000060.csv', 'IT.MMO.HGE.EMSC-20161101_0000060.csv', 'IT.MMO.HGN.EMSC-20161101_0000060.csv', 'IT.RQT.HGE.EMSC-20161101_0000060.csv', 'IT.RQT.HGN.EMSC-20161101_0000060.csv', 'IV.T1219.HNE.EMSC-20161101_0000060.csv', 'IV.T1219.HNN.EMSC-20161101_0000060.csv', 'IV.T1220.HNE.EMSC-20161101_0000060.csv', 'IV.T1220.HNN.EMSC-20161101_0000060.csv', 'IV.T1245.HNE.EMSC-20161101_0000060.csv', 'IV.T1245.HNN.EMSC-20161101_0000060.csv', 'IV.T1256.HNE.EMSC-20161101_0000060.csv', 'IV.T1256.HNN.EMSC-20161101_0000060.csv', 'XO.AM05.HNE.EMSC-20161101_0000060.csv', 'XO.AM05.HNN.EMSC-20161101_0000060.csv']",18
EMSC-20161103_0000003,4,"['IT.CNE.HGE.EMSC-20161103_0000003.csv', 'IT.CNE.HGN.EMSC-20161103_0000003.csv', 'IT.FOC.HGE.EMSC-20161103_0000003.csv', 'IT.FOC.HGN.EMSC-20161103_0000003.csv', 'IT.MCV.HGE.EMSC-20161103_0000003.csv', 'IT.MCV.HGN.EMSC-20161103_0000003.csv', 'IT.MNF.HGE.EMSC-20161103_0000003.csv', 'IT.MNF.HGN.EMSC-20161103_0000003.csv', 'IT.NCR.HGE.EMSC-20161103_0000003.csv', 'IT.NCR.HGN.EMSC-20161103_0000003.csv', 'IT.PRE.HGE.EMSC-20161103_0000003.csv', 'IT.PRE.HGN.EMSC-20161103_0000003.csv', 'IV.NRCA.HNE.EMSC-20161103_0000003.csv', 'IV.NRCA.HNN.EMSC-20161103_0000003.csv', 'IV.T1216.HNE.EMSC-20161103_0000003.csv', 'IV.T1216.HNN.EMSC-20161103_0000003.csv', 'IV.T1219.HNE.EMSC-20161103_0000003.csv', 'IV.T1219.HNN.EMSC-20161103_0000003.csv', 'IV.T1220.HNE.EMSC-20161103_0000003.csv', 'IV.T1220.HNN.EMSC-20161103_0000003.csv', 'IV.T1256.HNE.EMSC-20161103_0000003.csv', 'IV.T1256.HNN.EMSC-20161103_0000003.csv', 'XO.AM05.HNE.EMSC-20161103_0000003.csv', 'XO.AM05.HNN.EMSC-20161103_0000003.csv']",24
EMSC-20161107_0000123,3,"['IT.CMI.HGE.EMSC-20161107_0000123.csv', 'IT.CMI.HGN.EMSC-20161107_0000123.csv', 'IT.MCV.HGE.EMSC-20161107_0000123.csv', 'IT.MCV.HGN.EMSC-20161107_0000123.csv', 'IV.T1245.HNE.EMSC-20161107_0000123.csv', 'IV.T1245.HNN.EMSC-20161107_0000123.csv']",6
EMSC-20161112_0000066,4,"['IT.ACC.HGE.EMSC-20161112_0000066.csv', 'IT.ACC.HGN.EMSC-20161112_0000066.csv', 'IT.FCC.HGE.EMSC-20161112_0000066.csv', 'IT.FCC.HGN.EMSC-20161112_0000066.csv', 'IV.T1244.HNE.EMSC-20161112_0000066.csv', 'IV.T1244.HNN.EMSC-20161112_0000066.csv']",6
EMSC-20161114_0000010,4,"['IT.FOC.HGE.EMSC-20161114_0000010.csv', 'IT.FOC.HGN.EMSC-20161114_0000010.csv']",2
EMSC-20161129_0000079,4,"['IT.CIT.HGE.EMSC-20161129_0000079.csv', 'IT.CIT.HGN.EMSC-20161129_0000079.csv']",2
EMSC-20161201_0000064,3,"['IT.CNE.HGE.EMSC-20161201_0000064.csv', 'IT.CNE.HGN.EMSC-20161201_0000064.csv', 'IV.FEMA.HNE.EMSC-20161201_0000064.csv', 'IV.FEMA.HNN.EMSC-20161201_0000064.csv']",4
EMSC-20161211_0000049,4,"['IT.CNE.HGE.EMSC-20161211_0000049.csv', 'IT.CNE.HGN.EMSC-20161211_0000049.csv', 'IT.PRE.HGE.EMSC-20161211_0000049.csv', 'IT.PRE.HGN.EMSC-20161211_0000049.csv', 'IV.FEMA.HNE.EMSC-20161211_0000049.csv', 'IV.FEMA.HNN.EMSC-20161211_0000049.csv', 'IV.T1216.HNE.EMSC-20161211_0000049.csv', 'IV.T1216.HNN.EMSC-20161211_0000049.csv']",8
ES-1994-0003,4,"['ES.SADR.HNE.ES-1994-0003.csv', 'ES.SADR.HNN.ES-1994-0003.csv']",2
ES-1997-0009,4,"['ES.SAGR.HNE.ES-1997-0009.csv', 'ES.SAGR.HNN.ES-1997-0009.csv']",2
ES-1997-0010,4,"['ES.SBEC.HNE.ES-1997-0010.csv', 'ES.SBEC.HNN.ES-1997-0010.csv']",2
GE-1991-0003,5,"['A.SAMB.HNE.GE-1991-0003.csv', 'A.SAMB.HNN.GE-1991-0003.csv', 'A.SONB.HNE.GE-1991-0003.csv', 'A.SONB.HNN.GE-1991-0003.csv', 'A.SONI.HNE.GE-1991-0003.csv', 'A.SONI.HNN.GE-1991-0003.csv']",6
GE-1991-0008,3,"['A.SONB.HNE.GE-1991-0008.csv', 'A.SONB.HNN.GE-1991-0008.csv', 'A.SONI.HNE.GE-1991-0008.csv', 'A.SONI.HNN.GE-1991-0008.csv', 'A.SZEB.HNE.GE-1991-0008.csv', 'A.SZEB.HNN.GE-1991-0008.csv']",6
GE-2002-0010,4,"['A.STBO.HN2.GE-2002-0010.csv', 'A.STBO.HN3.GE-2002-0010.csv']",2
GR-1980-0004,4,"['HI.ALM1.HN2.GR-1980-0004.csv', 'HI.ALM1.HN3.GR-1980-0004.csv']",2
GR-1980-0005,4,"['HI.ALM1.HN2.GR-1980-0005.csv', 'HI.ALM1.HN3.GR-1980-0005.csv']",2
GR-1983-0001,6,"['HI.ARG1.HN2.GR-1983-0001.csv', 'HI.ARG1.HN3.GR-1983-0001.csv', 'HI.LEF1.HN2.GR-1983-0001.csv', 'HI.LEF1.HN3.GR-1983-0001.csv']",4
GR-1983-0011,4,"['HI.IER1.HN2.GR-1983-0011.csv', 'HI.IER1.HN3.GR-1983-0011.csv', 'HI.OUR1.HN2.GR-1983-0011.csv', 'HI.OUR1.HN3.GR-1983-0011.csv']",4
GR-1985-0005,4,"['HI.LEF1.HN2.GR-1985-0005.csv', 'HI.LEF1.HN3.GR-1985-0005.csv', 'HL.PREA.HN2.GR-1985-0005.csv', 'HL.PREA.HN3.GR-1985-0005.csv']",4
GR-1985-0007,5,"['HI.KAV1.HN2.GR-1985-0007.csv', 'HI.KAV1.HN3.GR-1985-0007.csv']",2
GR-1987-0006,5,"['HI.KYP1.HN2.GR-1987-0006.csv', 'HI.KYP1.HN3.GR-1987-0006.csv']",2
GR-1988-0007,4,"['HI.LEF1.HN2.GR-1988-0007.csv', 'HI.LEF1.HN3.GR-1988-0007.csv']",2
GR-1988-0008,5,"['HI.ARG1.HN2.GR-1988-0008.csv', 'HI.ARG1.HN3.GR-1988-0008.csv']",2
GR-1988-0032,4,"['HL.NAUA.HN2.GR-1988-0032.csv', 'HL.NAUA.HN3.GR-1988-0032.csv']",2
GR-1990-0014,6,"['HI.KIL1.HN2.GR-1990-0014.csv', 'HI.KIL1.HN3.GR-1990-0014.csv']",2
GR-1992-0001,5,"['HI.ARG1.HN2.GR-1992-0001.csv', 'HI.ARG1.HN3.GR-1992-0001.csv']",2
GR-1993-0009,4,"['HI.PYR1.HN2.GR-1993-0009.csv', 'HI.PYR1.HN3.GR-1993-0009.csv']",2
GR-1993-0011,5,"['HI.PYR1.HN2.GR-1993-0011.csv', 'HI.PYR1.HN3.GR-1993-0011.csv']",2
GR-1993-0027,5,"['HI.PAT2.HN2.GR-1993-0027.csv', 'HI.PAT2.HN3.GR-1993-0027.csv']",2
GR-1994-0002,5,"['HI.LEF1.HN2.GR-1994-0002.csv', 'HI.LEF1.HN3.GR-1994-0002.csv']",2
GR-1994-0005,4,"['HI.PAL1.HN2.GR-1994-0005.csv', 'HI.PAL1.HN3.GR-1994-0005.csv']",2
GR-1994-0007,6,"['HL.CHNA.HN2.GR-1994-0007.csv', 'HL.CHNA.HN3.GR-1994-0007.csv']",2
GR-1995-0017,6,"['HI.KOZ1.HN2.GR-1995-0017.csv', 'HI.KOZ1.HN3.GR-1995-0017.csv']",2
GR-1995-0047,6,"['HI.PAT2.HN2.GR-1995-0047.csv', 'HI.PAT2.HN3.GR-1995-0047.csv']",2
GR-1997-0014,6,"['HI.KRN1.HN2.GR-1997-0014.csv', 'HI.KRN1.HN3.GR-1997-0014.csv']",2
GR-1997-0019,6,"['HI.KRN1.HN2.GR-1997-0019.csv', 'HI.KRN1.HN3.GR-1997-0019.csv', 'HI.KYP1.HN2.GR-1997-0019.csv', 'HI.KYP1.HN3.GR-1997-0019.csv', 'HI.PYR1.HN2.GR-1997-0019.csv', 'HI.PYR1.HN3.GR-1997-0019.csv']",6
GR-1999-0001,5,"['HI.ATH2.HN2.GR-1999-0001.csv', 'HI.ATH2.HN3.GR-1999-0001.csv', 'HI.ATH3.HN2.GR-1999-0001.csv', 'HI.ATH3.HN3.GR-1999-0001.csv', 'HL.PREA.HN2.GR-1999-0001.csv', 'HL.PREA.HN3.GR-1999-0001.csv', 'HL.SPLB.HN2.GR-1999-0001.csv', 'HL.SPLB.HN3.GR-1999-0001.csv']",8
GR-2016-0006,5,"['HL.JAN.HNE.GR-2016-0006.csv', 'HL.JAN.HNN.GR-2016-0006.csv']",2
ISC-439643,4,"['HI.KOR1.HN2.ISC-439643.csv', 'HI.KOR1.HN3.ISC-439643.csv']",2
IT-1972-0005,4,"['E.ANP.HNE.IT-1972-0005.csv', 'E.ANP.HNN.IT-1972-0005.csv', 'E.ANR.HNE.IT-1972-0005.csv', 'E.ANR.HNN.IT-1972-0005.csv']",4
IT-1972-0007,4,"['E.ANP.HNE.IT-1972-0007.csv', 'E.ANP.HNN.IT-1972-0007.csv', 'E.ANR.HNE.IT-1972-0007.csv', 'E.ANR.HNN.IT-1972-0007.csv']",4
IT-1972-0009,4,"['E.ANP.HNE.IT-1972-0009.csv', 'E.ANP.HNN.IT-1972-0009.csv', 'E.ANR.HNE.IT-1972-0009.csv', 'E.ANR.HNN.IT-1972-0009.csv']",4
IT-1976-0002,6,"['IT.CDR.HNE.IT-1976-0002.csv', 'IT.CDR.HNN.IT-1976-0002.csv', 'IT.CNG.HNE.IT-1976-0002.csv', 'IT.CNG.HNN.IT-1976-0002.csv', 'IT.TLM1.HNE.IT-1976-0002.csv', 'IT.TLM1.HNN.IT-1976-0002.csv']",6
IT-1976-0003,4,"['IT.TLM1.HNE.IT-1976-0003.csv', 'IT.TLM1.HNN.IT-1976-0003.csv']",2
IT-1976-0007,5,"['E.FRC.HNE.IT-1976-0007.csv', 'E.FRC.HNN.IT-1976-0007.csv']",2
IT-1976-0008,4,"['E.FRC.HNE.IT-1976-0008.csv', 'E.FRC.HNN.IT-1976-0008.csv']",2
IT-1976-0010,4,"['E.FRC.HNE.IT-1976-0010.csv', 'E.FRC.HNN.IT-1976-0010.csv']",2
IT-1976-0014,4,"['IV.GMN.HNE.IT-1976-0014.csv', 'IV.GMN.HNN.IT-1976-0014.csv']",2
IT-1976-0015,4,"['E.FRC.HNE.IT-1976-0015.csv', 'E.FRC.HNN.IT-1976-0015.csv']",2
IT-1976-0016,4,"['E.FRC.HNE.IT-1976-0016.csv', 'E.FRC.HNN.IT-1976-0016.csv', 'E.SRC0.HNE.IT-1976-0016.csv', 'E.SRC0.HNN.IT-1976-0016.csv', 'IT.MAA.HNE.IT-1976-0016.csv', 'IT.MAA.HNN.IT-1976-0016.csv']",6
IT-1976-0017,5,"['E.FRC.HNE.IT-1976-0017.csv', 'E.FRC.HNN.IT-1976-0017.csv']",2
IT-1976-0023,4,"['IV.GMN.HNE.IT-1976-0023.csv', 'IV.GMN.HNN.IT-1976-0023.csv']",2
IT-1976-0024,5,"['E.FRC.HNE.IT-1976-0024.csv', 'E.FRC.HNN.IT-1976-0024.csv', 'IT.TRC.HNE.IT-1976-0024.csv', 'IT.TRC.HNN.IT-1976-0024.csv', 'IV.GMN.HNE.IT-1976-0024.csv', 'IV.GMN.HNN.IT-1976-0024.csv']",6
IT-1976-0025,5,"['E.BUI.HNE.IT-1976-0025.csv', 'E.BUI.HNN.IT-1976-0025.csv', 'E.FRC.HNE.IT-1976-0025.csv', 'E.FRC.HNN.IT-1976-0025.csv', 'E.SRC0.HNE.IT-1976-0025.csv', 'E.SRC0.HNN.IT-1976-0025.csv', 'IT.SMT.HNE.IT-1976-0025.csv', 'IT.SMT.HNN.IT-1976-0025.csv', 'IV.GMN.HNE.IT-1976-0025.csv', 'IV.GMN.HNN.IT-1976-0025.csv']",10
IT-1976-0026,4,"['E.BUI.HNE.IT-1976-0026.csv', 'E.BUI.HNN.IT-1976-0026.csv', 'IV.GMN.HNE.IT-1976-0026.csv', 'IV.GMN.HNN.IT-1976-0026.csv']",4
IT-1976-0027,5,"['E.BUI.HNE.IT-1976-0027.csv', 'E.BUI.HNN.IT-1976-0027.csv', 'E.FRC.HNE.IT-1976-0027.csv', 'E.FRC.HNN.IT-1976-0027.csv', 'E.SRC0.HNE.IT-1976-0027.csv', 'E.SRC0.HNN.IT-1976-0027.csv']",6
IT-1976-0028,4,"['E.FRC.HNE.IT-1976-0028.csv', 'E.FRC.HNN.IT-1976-0028.csv', 'IV.GMN.HNE.IT-1976-0028.csv', 'IV.GMN.HNN.IT-1976-0028.csv']",4
IT-1976-0029,4,"['IV.GMN.HNE.IT-1976-0029.csv', 'IV.GMN.HNN.IT-1976-0029.csv']",2
IT-1976-0030,6,"['E.BUI.HNE.IT-1976-0030.csv', 'E.BUI.HNN.IT-1976-0030.csv', 'E.FRC.HNE.IT-1976-0030.csv', 'E.FRC.HNN.IT-1976-0030.csv', 'E.SRC0.HNE.IT-1976-0030.csv', 'E.SRC0.HNN.IT-1976-0030.csv', 'IT.TRC.HNE.IT-1976-0030.csv', 'IT.TRC.HNN.IT-1976-0030.csv', 'IV.GMN.HNE.IT-1976-0030.csv', 'IV.GMN.HNN.IT-1976-0030.csv']",10
IT-1977-0008,5,"['E.FRC.HNE.IT-1977-0008.csv', 'E.FRC.HNN.IT-1977-0008.csv', 'E.SRC0.HNE.IT-1977-0008.csv', 'E.SRC0.HNN.IT-1977-0008.csv', 'IT.SMT.HNE.IT-1977-0008.csv', 'IT.SMT.HNN.IT-1977-0008.csv', 'IT.SMU.HNE.IT-1977-0008.csv', 'IT.SMU.HNN.IT-1977-0008.csv', 'IT.TLM1.HNE.IT-1977-0008.csv', 'IT.TLM1.HNN.IT-1977-0008.csv']",10
IT-1978-0002,5,"['IT.FRR.HNE.IT-1978-0002.csv', 'IT.FRR.HNN.IT-1978-0002.csv']",2
IT-1978-0003,4,"['IT.PTT1.HNE.IT-1978-0003.csv', 'IT.PTT1.HNN.IT-1978-0003.csv']",2
IT-1978-0004,6,"['IT.MLZ.HNE.IT-1978-0004.csv', 'IT.MLZ.HNN.IT-1978-0004.csv', 'IT.NAS.HNE.IT-1978-0004.csv', 'IT.NAS.HNN.IT-1978-0004.csv', 'IT.PTT1.HNE.IT-1978-0004.csv', 'IT.PTT1.HNN.IT-1978-0004.csv']",6
IT-1979-0009,5,"['IT.ARQ.HNE.IT-1979-0009.csv', 'IT.ARQ.HNN.IT-1979-0009.csv', 'IT.CSC.HNE.IT-1979-0009.csv', 'IT.CSC.HNN.IT-1979-0009.csv']",4
IT-1979-0010,4,"['IT.CSR.HNE.IT-1979-0010.csv', 'IT.CSR.HNN.IT-1979-0010.csv']",2
IT-1980-0001,4,"['IT.PNR.HNE.IT-1980-0001.csv', 'IT.PNR.HNN.IT-1980-0001.csv']",2
IT-1980-0002,4,"['IT.CSZ.HNE.IT-1980-0002.csv', 'IT.CSZ.HNN.IT-1980-0002.csv']",2
IT-1980-0003,5,"['IT.CSR.HNE.IT-1980-0003.csv', 'IT.CSR.HNN.IT-1980-0003.csv']",2
IT-1980-0010,4,"['IT.BRG.HNE.IT-1980-0010.csv', 'IT.BRG.HNN.IT-1980-0010.csv', 'IT.VGL.HNE.IT-1980-0010.csv', 'IT.VGL.HNN.IT-1980-0010.csv']",4
IT-1980-0012,6,"['IT.ALT.HNE.IT-1980-0012.csv', 'IT.ALT.HNN.IT-1980-0012.csv', 'IT.BGI.HNE.IT-1980-0012.csv', 'IT.BGI.HNN.IT-1980-0012.csv', 'IT.BRN.HNE.IT-1980-0012.csv', 'IT.BRN.HNN.IT-1980-0012.csv', 'IT.BSC.HNE.IT-1980-0012.csv', 'IT.BSC.HNN.IT-1980-0012.csv', 'IT.CLT.HNE.IT-1980-0012.csv', 'IT.CLT.HNN.IT-1980-0012.csv', 'IT.MRT.HNE.IT-1980-0012.csv', 'IT.MRT.HNN.IT-1980-0012.csv', 'IT.RNR.HNE.IT-1980-0012.csv', 'IT.RNR.HNN.IT-1980-0012.csv', 'IT.STR.HNE.IT-1980-0012.csv', 'IT.STR.HNN.IT-1980-0012.csv', 'IT.TDG.HNE.IT-1980-0012.csv', 'IT.TDG.HNN.IT-1980-0012.csv']",18
IT-1980-0025,4,"['E.FMC.HNE.IT-1980-0025.csv', 'E.FMC.HNN.IT-1980-0025.csv', 'E.PRN.HNE.IT-1980-0025.csv', 'E.PRN.HNN.IT-1980-0025.csv']",4
IT-1980-0030,4,"['E.FMC.HNE.IT-1980-0030.csv', 'E.FMC.HNN.IT-1980-0030.csv', 'E.OPB.HNE.IT-1980-0030.csv', 'E.OPB.HNN.IT-1980-0030.csv', 'IT.CNB.HNE.IT-1980-0030.csv', 'IT.CNB.HNN.IT-1980-0030.csv', 'IT.CNP.HNE.IT-1980-0030.csv', 'IT.CNP.HNN.IT-1980-0030.csv', 'IT.CR1.HNE.IT-1980-0030.csv', 'IT.CR1.HNN.IT-1980-0030.csv', 'IT.CR2.HNE.IT-1980-0030.csv', 'IT.CR2.HNN.IT-1980-0030.csv', 'IT.CR3.HNE.IT-1980-0030.csv', 'IT.CR3.HNN.IT-1980-0030.csv']",14
IT-1980-0031,4,"['IT.CNP.HNE.IT-1980-0031.csv', 'IT.CNP.HNN.IT-1980-0031.csv', 'IT.CR2.HNE.IT-1980-0031.csv', 'IT.CR2.HNN.IT-1980-0031.csv', 'IT.CR3.HNE.IT-1980-0031.csv', 'IT.CR3.HNN.IT-1980-0031.csv']",6
IT-1981-0001,5,"['E.FMC.HNE.IT-1981-0001.csv', 'E.FMC.HNN.IT-1981-0001.csv', 'E.LNM.HNE.IT-1981-0001.csv', 'E.LNM.HNN.IT-1981-0001.csv', 'IT.CNB.HNE.IT-1981-0001.csv', 'IT.CNB.HNN.IT-1981-0001.csv', 'IT.CNV0.HNE.IT-1981-0001.csv', 'IT.CNV0.HNN.IT-1981-0001.csv', 'IT.CR1.HNE.IT-1981-0001.csv', 'IT.CR1.HNN.IT-1981-0001.csv', 'IT.CR2.HNE.IT-1981-0001.csv', 'IT.CR2.HNN.IT-1981-0001.csv', 'IT.CR3.HNE.IT-1981-0001.csv', 'IT.CR3.HNN.IT-1981-0001.csv', 'IT.CR4.HNE.IT-1981-0001.csv', 'IT.CR4.HNN.IT-1981-0001.csv']",16
IT-1981-0006,4,"['IT.MZR.HNE.IT-1981-0006.csv', 'IT.MZR.HNN.IT-1981-0006.csv']",2
IT-1984-0002,5,"['IT.NCR.HNE.IT-1984-0002.csv', 'IT.NCR.HNN.IT-1984-0002.csv', 'IT.PTL.HNE.IT-1984-0002.csv', 'IT.PTL.HNN.IT-1984-0002.csv']",4
IT-1984-0004,5,"['E.CSN0.HNE.IT-1984-0004.csv', 'E.CSN0.HNN.IT-1984-0004.csv', 'IT.ATN.HNE.IT-1984-0004.csv', 'IT.ATN.HNN.IT-1984-0004.csv', 'IT.GRG1.HNE.IT-1984-0004.csv', 'IT.GRG1.HNN.IT-1984-0004.csv', 'IT.GRG2.HNE.IT-1984-0004.csv', 'IT.GRG2.HNN.IT-1984-0004.csv', 'IT.PNT.HNE.IT-1984-0004.csv', 'IT.PNT.HNN.IT-1984-0004.csv', 'IT.STG.HNE.IT-1984-0004.csv', 'IT.STG.HNN.IT-1984-0004.csv']",12
IT-1984-0005,5,"['E.ATQ.HNE.IT-1984-0005.csv', 'E.ATQ.HNN.IT-1984-0005.csv', 'E.ATT.HNE.IT-1984-0005.csv', 'E.ATT.HNN.IT-1984-0005.csv', 'IT.VLB.HNE.IT-1984-0005.csv', 'IT.VLB.HNN.IT-1984-0005.csv']",6
IT-1984-0008,4,"['E.ATT.HNE.IT-1984-0008.csv', 'E.ATT.HNN.IT-1984-0008.csv', 'IT.VLB.HNE.IT-1984-0008.csv', 'IT.VLB.HNN.IT-1984-0008.csv']",4
IT-1984-0010,4,"['E.ATT.HNE.IT-1984-0010.csv', 'E.ATT.HNN.IT-1984-0010.csv']",2
IT-1987-0002,4,"['IT.NVL.HNE.IT-1987-0002.csv', 'IT.NVL.HNN.IT-1987-0002.csv']",2
IT-1990-0001,5,"['IT.BRN.HNE.IT-1990-0001.csv', 'IT.BRN.HNN.IT-1990-0001.csv', 'IT.RNR.HNE.IT-1990-0001.csv', 'IT.RNR.HNN.IT-1990-0001.csv']",4
IT-1990-0003,5,"['IT.CAT.HNE.IT-1990-0003.csv', 'IT.CAT.HNN.IT-1990-0003.csv', 'IT.SRT.HNE.IT-1990-0003.csv', 'IT.SRT.HNN.IT-1990-0003.csv']",4
IT-1995-0003,5,"['IT.LSN.HNE.IT-1995-0003.csv', 'IT.LSN.HNN.IT-1995-0003.csv']",2
IT-1996-0003,5,"['IT.NVL.HNE.IT-1996-0003.csv', 'IT.NVL.HNN.IT-1996-0003.csv', 'IT.SRB.HNE.IT-1996-0003.csv', 'IT.SRB.HNN.IT-1996-0003.csv']",4
IT-1996-0004,4,"['IT.PCB.HNE.IT-1996-0004.csv', 'IT.PCB.HNN.IT-1996-0004.csv']",2
IT-1997-0001,4,"['IT.CLF.HNE.IT-1997-0001.csv', 'IT.CLF.HNN.IT-1997-0001.csv']",2
IT-1997-0004,5,"['IT.ASS.HNE.IT-1997-0004.csv', 'IT.ASS.HNN.IT-1997-0004.csv', 'IT.BVG.HNE.IT-1997-0004.csv', 'IT.BVG.HNN.IT-1997-0004.csv', 'IT.CLF.HNE.IT-1997-0004.csv', 'IT.CLF.HNN.IT-1997-0004.csv', 'IT.CSA.HNE.IT-1997-0004.csv', 'IT.CSA.HNN.IT-1997-0004.csv', 'IT.NCR.HNE.IT-1997-0004.csv', 'IT.NCR.HNN.IT-1997-0004.csv']",10
IT-1997-0006,6,"['IT.ASS.HNE.IT-1997-0006.csv', 'IT.ASS.HNN.IT-1997-0006.csv', 'IT.BVG.HNE.IT-1997-0006.csv', 'IT.BVG.HNN.IT-1997-0006.csv', 'IT.CLF.HNE.IT-1997-0006.csv', 'IT.CLF.HNN.IT-1997-0006.csv', 'IT.CSA.HNE.IT-1997-0006.csv', 'IT.CSA.HNN.IT-1997-0006.csv', 'IT.GBP.HNE.IT-1997-0006.csv', 'IT.GBP.HNN.IT-1997-0006.csv', 'IT.MTL.HNE.IT-1997-0006.csv', 'IT.MTL.HNN.IT-1997-0006.csv', 'IT.NCR.HNE.IT-1997-0006.csv', 'IT.NCR.HNN.IT-1997-0006.csv']",14
IT-1997-0011,4,"['IT.NCB.HNE.IT-1997-0011.csv', 'IT.NCB.HNN.IT-1997-0011.csv']",2
IT-1997-0017,4,"['IT.CLC.HNE.IT-1997-0017.csv', 'IT.CLC.HNN.IT-1997-0017.csv']",2
IT-1997-0019,4,"['IT.CLC.HNE.IT-1997-0019.csv', 'IT.CLC.HNN.IT-1997-0019.csv']",2
IT-1997-0050,4,"['IT.NCB.HNE.IT-1997-0050.csv', 'IT.NCB.HNN.IT-1997-0050.csv', 'IT.NCR2.HNE.IT-1997-0050.csv', 'IT.NCR2.HNN.IT-1997-0050.csv']",4
IT-1997-0062,5,"['IT.ASS.HNE.IT-1997-0062.csv', 'IT.ASS.HNN.IT-1997-0062.csv', 'IT.CLC.HNE.IT-1997-0062.csv', 'IT.CLC.HNN.IT-1997-0062.csv', 'IT.CLF.HNE.IT-1997-0062.csv', 'IT.CLF.HNN.IT-1997-0062.csv', 'IT.NCB.HNE.IT-1997-0062.csv', 'IT.NCB.HNN.IT-1997-0062.csv', 'IT.NCM.HNE.IT-1997-0062.csv', 'IT.NCM.HNN.IT-1997-0062.csv', 'IT.NCR.HNE.IT-1997-0062.csv', 'IT.NCR.HNN.IT-1997-0062.csv', 'IT.NCR2.HNE.IT-1997-0062.csv', 'IT.NCR2.HNN.IT-1997-0062.csv']",14
IT-1997-0091,5,"['IT.ASS.HNE.IT-1997-0091.csv', 'IT.ASS.HNN.IT-1997-0091.csv', 'IT.BVG.HNE.IT-1997-0091.csv', 'IT.BVG.HNN.IT-1997-0091.csv', 'IT.CLC.HNE.IT-1997-0091.csv', 'IT.CLC.HNN.IT-1997-0091.csv', 'IT.CLF.HNE.IT-1997-0091.csv', 'IT.CLF.HNN.IT-1997-0091.csv', 'IT.CSA.HNE.IT-1997-0091.csv', 'IT.CSA.HNN.IT-1997-0091.csv', 'IT.GBP.HNE.IT-1997-0091.csv', 'IT.GBP.HNN.IT-1997-0091.csv', 'IT.NCB.HNE.IT-1997-0091.csv', 'IT.NCB.HNN.IT-1997-0091.csv', 'IT.NCM.HNE.IT-1997-0091.csv', 'IT.NCM.HNN.IT-1997-0091.csv', 'IT.NCR.HNE.IT-1997-0091.csv', 'IT.NCR.HNN.IT-1997-0091.csv', 'IT.NCR2.HNE.IT-1997-0091.csv', 'IT.NCR2.HNN.IT-1997-0091.csv']",20
IT-1997-0098,4,"['IT.CLC.HNE.IT-1997-0098.csv', 'IT.CLC.HNN.IT-1997-0098.csv', 'IT.NCR2.HNE.IT-1997-0098.csv', 'IT.NCR2.HNN.IT-1997-0098.csv']",4
IT-1997-0105,4,"['IT.CLC.HNE.IT-1997-0105.csv', 'IT.CLC.HNN.IT-1997-0105.csv', 'IT.NCB.HNE.IT-1997-0105.csv', 'IT.NCB.HNN.IT-1997-0105.csv', 'IT.NCR2.HNE.IT-1997-0105.csv', 'IT.NCR2.HNN.IT-1997-0105.csv']",6
IT-1997-0128,5,"['IT.FORC.HNE.IT-1997-0128.csv', 'IT.FORC.HNN.IT-1997-0128.csv', 'IT.NCR2.HNE.IT-1997-0128.csv', 'IT.NCR2.HNN.IT-1997-0128.csv', 'IT.NRC.HNE.IT-1997-0128.csv', 'IT.NRC.HNN.IT-1997-0128.csv']",6
IT-1997-0137,5,"['IT.ANNI.HNE.IT-1997-0137.csv', 'IT.ANNI.HNN.IT-1997-0137.csv', 'IT.CAG.HNE.IT-1997-0137.csv', 'IT.CAG.HNN.IT-1997-0137.csv', 'IT.CESM.HNE.IT-1997-0137.csv', 'IT.CESM.HNN.IT-1997-0137.csv', 'IT.CLC.HNE.IT-1997-0137.csv', 'IT.CLC.HNN.IT-1997-0137.csv', 'IT.CLF.HNE.IT-1997-0137.csv', 'IT.CLF.HNN.IT-1997-0137.csv', 'IT.CSC.HNE.IT-1997-0137.csv', 'IT.CSC.HNN.IT-1997-0137.csv', 'IT.NCB.HNE.IT-1997-0137.csv', 'IT.NCB.HNN.IT-1997-0137.csv', 'IT.NCR.HNE.IT-1997-0137.csv', 'IT.NCR.HNN.IT-1997-0137.csv', 'IT.NCR2.HNE.IT-1997-0137.csv', 'IT.NCR2.HNN.IT-1997-0137.csv']",18
IT-1997-0140,4,"['IT.ANNI.HNE.IT-1997-0140.csv', 'IT.ANNI.HNN.IT-1997-0140.csv', 'IT.CESM.HNE.IT-1997-0140.csv', 'IT.CESM.HNN.IT-1997-0140.csv']",4
IT-1997-0142,4,"['IT.FORC.HNE.IT-1997-0142.csv', 'IT.FORC.HNN.IT-1997-0142.csv']",2
IT-1997-0147,4,"['IT.CESM.HNE.IT-1997-0147.csv', 'IT.CESM.HNN.IT-1997-0147.csv', 'IT.CESV.HNE.IT-1997-0147.csv', 'IT.CESV.HNN.IT-1997-0147.csv', 'IT.CLC.HNE.IT-1997-0147.csv', 'IT.CLC.HNN.IT-1997-0147.csv']",6
IT-1997-0163,4,"['IT.CESV.HNE.IT-1997-0163.csv', 'IT.CESV.HNN.IT-1997-0163.csv']",2
IT-1997-0205,4,"['IT.SELE.HNE.IT-1997-0205.csv', 'IT.SELE.HNN.IT-1997-0205.csv']",2
IT-1997-0208,4,"['IT.SELW.HNE.IT-1997-0208.csv', 'IT.SELW.HNN.IT-1997-0208.csv']",2
IT-1997-0238,4,"['IT.SELE.HNE.IT-1997-0238.csv', 'IT.SELE.HNN.IT-1997-0238.csv', 'IT.SELW.HNE.IT-1997-0238.csv', 'IT.SELW.HNN.IT-1997-0238.csv']",4
IT-1998-0028,5,"['IT.CESM.HNE.IT-1998-0028.csv', 'IT.CESM.HNN.IT-1998-0028.csv', 'IT.CESV.HNE.IT-1998-0028.csv', 'IT.CESV.HNN.IT-1998-0028.csv', 'IT.SELE.HNE.IT-1998-0028.csv', 'IT.SELE.HNN.IT-1998-0028.csv', 'IT.SELW.HNE.IT-1998-0028.csv', 'IT.SELW.HNN.IT-1998-0028.csv']",8
IT-1998-0050,5,"['IT.CESV.HNE.IT-1998-0050.csv', 'IT.CESV.HNN.IT-1998-0050.csv']",2
IT-1998-0054,5,"['IT.ASS.HNE.IT-1998-0054.csv', 'IT.ASS.HNN.IT-1998-0054.csv', 'IT.CESV.HNE.IT-1998-0054.csv', 'IT.CESV.HNN.IT-1998-0054.csv', 'IT.CSA.HNE.IT-1998-0054.csv', 'IT.CSA.HNN.IT-1998-0054.csv', 'IT.NCB.HNE.IT-1998-0054.csv', 'IT.NCB.HNN.IT-1998-0054.csv', 'IT.NCM.HNE.IT-1998-0054.csv', 'IT.NCM.HNN.IT-1998-0054.csv', 'IT.NCR2.HNE.IT-1998-0054.csv', 'IT.NCR2.HNN.IT-1998-0054.csv', 'IT.NOCE.HNE.IT-1998-0054.csv', 'IT.NOCE.HNN.IT-1998-0054.csv']",14
IT-1998-0063,4,"['IT.NCB.HNE.IT-1998-0063.csv', 'IT.NCB.HNN.IT-1998-0063.csv', 'IT.NCR2.HNE.IT-1998-0063.csv', 'IT.NCR2.HNN.IT-1998-0063.csv', 'IT.NOCE.HNE.IT-1998-0063.csv', 'IT.NOCE.HNN.IT-1998-0063.csv']",6
IT-1998-0103,5,"['IT.LRG.HNE.IT-1998-0103.csv', 'IT.LRG.HNN.IT-1998-0103.csv', 'IT.LRS.HNE.IT-1998-0103.csv', 'IT.LRS.HNN.IT-1998-0103.csv', 'IT.VGG.HNE.IT-1998-0103.csv', 'IT.VGG.HNN.IT-1998-0103.csv']",6
IT-2000-0002,4,"['IT.FAZ.HNE.IT-2000-0002.csv', 'IT.FAZ.HNN.IT-2000-0002.csv']",2
IT-2000-0003,4,"['IT.FNZ.HNE.IT-2000-0003.csv', 'IT.FNZ.HNN.IT-2000-0003.csv']",2
IT-2000-0012,4,"['IT.TRN.HNE.IT-2000-0012.csv', 'IT.TRN.HNN.IT-2000-0012.csv']",2
IT-2001-0041,4,"['IT.PVS.HNE.IT-2001-0041.csv', 'IT.PVS.HNN.IT-2001-0041.csv', 'IT.SSG.HNE.IT-2001-0041.csv', 'IT.SSG.HNN.IT-2001-0041.csv']",4
IT-2002-0009,4,"['IT.RSN.HNE.IT-2002-0009.csv', 'IT.RSN.HNN.IT-2002-0009.csv']",2
IT-2003-0004,4,"['IT.STS.HNE.IT-2003-0004.csv', 'IT.STS.HNN.IT-2003-0004.csv']",2
IT-2003-0005,4,"['IT.STS.HNE.IT-2003-0005.csv', 'IT.STS.HNN.IT-2003-0005.csv']",2
IT-2003-0023,4,"['IT.TRT.HNE.IT-2003-0023.csv', 'IT.TRT.HNN.IT-2003-0023.csv']",2
IT-2003-0078,4,"['IT.CSN.HNE.IT-2003-0078.csv', 'IT.CSN.HNN.IT-2003-0078.csv']",2
IT-2005-0116,4,"['CH.EMV.HGE.IT-2005-0116.csv', 'CH.EMV.HGN.IT-2005-0116.csv']",2
IT-2006-0059,4,"['IT.MZZ.HNE.IT-2006-0059.csv', 'IT.MZZ.HNN.IT-2006-0059.csv']",2
IT-2008-0005,4,"['IV.NEVI.HNE.IT-2008-0005.csv', 'IV.NEVI.HNN.IT-2008-0005.csv', 'IV.RE01.HNE.IT-2008-0005.csv', 'IV.RE01.HNN.IT-2008-0005.csv']",4
IT-2009-0002,4,"['IT.AQK.HNE.IT-2009-0002.csv', 'IT.AQK.HNN.IT-2009-0002.csv', 'IT.AQV.HNE.IT-2009-0002.csv', 'IT.AQV.HNN.IT-2009-0002.csv']",4
IT-2009-0009,6,"['IT.AQA.HNE.IT-2009-0009.csv', 'IT.AQA.HNN.IT-2009-0009.csv', 'IT.AQG.HNE.IT-2009-0009.csv', 'IT.AQG.HNN.IT-2009-0009.csv', 'IT.AQK.HNE.IT-2009-0009.csv', 'IT.AQK.HNN.IT-2009-0009.csv', 'IT.AQV.HNE.IT-2009-0009.csv', 'IT.AQV.HNN.IT-2009-0009.csv', 'IT.AVZ.HNE.IT-2009-0009.csv', 'IT.AVZ.HNN.IT-2009-0009.csv', 'IT.CLN.HNE.IT-2009-0009.csv', 'IT.CLN.HNN.IT-2009-0009.csv', 'IT.GSA.HNE.IT-2009-0009.csv', 'IT.GSA.HNN.IT-2009-0009.csv', 'IT.MTR.HNE.IT-2009-0009.csv', 'IT.MTR.HNN.IT-2009-0009.csv', 'IT.ORC.HNE.IT-2009-0009.csv', 'IT.ORC.HNN.IT-2009-0009.csv']",18
IT-2009-0032,5,"['IT.AQG.HNE.IT-2009-0032.csv', 'IT.AQG.HNN.IT-2009-0032.csv', 'IT.AQK.HNE.IT-2009-0032.csv', 'IT.AQK.HNN.IT-2009-0032.csv', 'IT.AQM.HNE.IT-2009-0032.csv', 'IT.AQM.HNN.IT-2009-0032.csv']",6
IT-2009-0047,4,"['IT.AQG.HNE.IT-2009-0047.csv', 'IT.AQG.HNN.IT-2009-0047.csv', 'IT.AQK.HNE.IT-2009-0047.csv', 'IT.AQK.HNN.IT-2009-0047.csv']",4
IT-2009-0077,4,"['IT.AQM.HNE.IT-2009-0077.csv', 'IT.AQM.HNN.IT-2009-0077.csv', 'IT.AQV.HNE.IT-2009-0077.csv', 'IT.AQV.HNN.IT-2009-0077.csv']",4
IT-2009-0084,5,"['IT.AQV.HNE.IT-2009-0084.csv', 'IT.AQV.HNN.IT-2009-0084.csv', 'IT.MTR.HNE.IT-2009-0084.csv', 'IT.MTR.HNN.IT-2009-0084.csv', 'IV.RM07.HNE.IT-2009-0084.csv', 'IV.RM07.HNN.IT-2009-0084.csv']",6
IT-2009-0095,5,"['4A.MI02.HNE.IT-2009-0095.csv', '4A.MI02.HNN.IT-2009-0095.csv', 'IT.AQG.HNE.IT-2009-0095.csv', 'IT.AQG.HNN.IT-2009-0095.csv', 'IT.AQK.HNE.IT-2009-0095.csv', 'IT.AQK.HNN.IT-2009-0095.csv', 'IT.AQM.HNE.IT-2009-0095.csv', 'IT.AQM.HNN.IT-2009-0095.csv', 'IT.AQV.HNE.IT-2009-0095.csv', 'IT.AQV.HNN.IT-2009-0095.csv', 'IV.RM07.HNE.IT-2009-0095.csv', 'IV.RM07.HNN.IT-2009-0095.csv']",12
IT-2009-0102,5,"['4A.MI01.HNE.IT-2009-0102.csv', '4A.MI01.HNN.IT-2009-0102.csv', '4A.MI02.HNE.IT-2009-0102.csv', '4A.MI02.HNN.IT-2009-0102.csv', '4A.MI03.HNE.IT-2009-0102.csv', '4A.MI03.HNN.IT-2009-0102.csv', '4A.MI05.HNE.IT-2009-0102.csv', '4A.MI05.HNN.IT-2009-0102.csv', 'IT.AQF.HNE.IT-2009-0102.csv', 'IT.AQF.HNN.IT-2009-0102.csv', 'IT.AQG.HNE.IT-2009-0102.csv', 'IT.AQG.HNN.IT-2009-0102.csv', 'IT.AQK.HNE.IT-2009-0102.csv', 'IT.AQK.HNN.IT-2009-0102.csv', 'IT.AQM.HNE.IT-2009-0102.csv', 'IT.AQM.HNN.IT-2009-0102.csv', 'IT.AQP.HNE.IT-2009-0102.csv', 'IT.AQP.HNN.IT-2009-0102.csv', 'IT.AQV.HNE.IT-2009-0102.csv', 'IT.AQV.HNN.IT-2009-0102.csv', 'IT.BZZ.HNE.IT-2009-0102.csv', 'IT.BZZ.HNN.IT-2009-0102.csv', 'IT.GSA.HNE.IT-2009-0102.csv', 'IT.GSA.HNN.IT-2009-0102.csv', 'IV.RM02.HNE.IT-2009-0102.csv', 'IV.RM02.HNN.IT-2009-0102.csv', 'IV.RM03.HNE.IT-2009-0102.csv', 'IV.RM03.HNN.IT-2009-0102.csv', 'IV.RM05.HNE.IT-2009-0102.csv', 'IV.RM05.HNN.IT-2009-0102.csv', 'IV.RM07.HNE.IT-2009-0102.csv', 'IV.RM07.HNN.IT-2009-0102.csv', 'IV.RM10.HNE.IT-2009-0102.csv', 'IV.RM10.HNN.IT-2009-0102.csv', 'IV.RM13.HNE.IT-2009-0102.csv', 'IV.RM13.HNN.IT-2009-0102.csv', 'IV.RM14.HNE.IT-2009-0102.csv', 'IV.RM14.HNN.IT-2009-0102.csv']",38
IT-2009-0105,4,"['4A.MI02.HNE.IT-2009-0105.csv', '4A.MI02.HNN.IT-2009-0105.csv', 'IT.AQG.HNE.IT-2009-0105.csv', 'IT.AQG.HNN.IT-2009-0105.csv', 'IT.AQK.HNE.IT-2009-0105.csv', 'IT.AQK.HNN.IT-2009-0105.csv', 'IT.AQM.HNE.IT-2009-0105.csv', 'IT.AQM.HNN.IT-2009-0105.csv', 'IT.AQP.HNE.IT-2009-0105.csv', 'IT.AQP.HNN.IT-2009-0105.csv', 'IT.AQV.HNE.IT-2009-0105.csv', 'IT.AQV.HNN.IT-2009-0105.csv', 'IV.RM02.HNE.IT-2009-0105.csv', 'IV.RM02.HNN.IT-2009-0105.csv', 'IV.RM07.HNE.IT-2009-0105.csv', 'IV.RM07.HNN.IT-2009-0105.csv']",16
IT-2009-0121,5,"['4A.MI01.HNE.IT-2009-0121.csv', '4A.MI01.HNN.IT-2009-0121.csv', '4A.MI02.HNE.IT-2009-0121.csv', '4A.MI02.HNN.IT-2009-0121.csv', '4A.MI03.HNE.IT-2009-0121.csv', '4A.MI03.HNN.IT-2009-0121.csv', '4A.MI05.HNE.IT-2009-0121.csv', '4A.MI05.HNN.IT-2009-0121.csv', 'IT.AQA.HNE.IT-2009-0121.csv', 'IT.AQA.HNN.IT-2009-0121.csv', 'IT.AQG.HNE.IT-2009-0121.csv', 'IT.AQG.HNN.IT-2009-0121.csv', 'IT.AQM.HNE.IT-2009-0121.csv', 'IT.AQM.HNN.IT-2009-0121.csv', 'IT.AQP.HNE.IT-2009-0121.csv', 'IT.AQP.HNN.IT-2009-0121.csv', 'IT.AQV.HNE.IT-2009-0121.csv', 'IT.AQV.HNN.IT-2009-0121.csv', 'IT.BRS.HNE.IT-2009-0121.csv', 'IT.BRS.HNN.IT-2009-0121.csv', 'IT.GSA.HNE.IT-2009-0121.csv', 'IT.GSA.HNN.IT-2009-0121.csv', 'IT.MTR.HNE.IT-2009-0121.csv', 'IT.MTR.HNN.IT-2009-0121.csv', 'IT.PCB.HNE.IT-2009-0121.csv', 'IT.PCB.HNN.IT-2009-0121.csv', 'IV.RM05.HNE.IT-2009-0121.csv', 'IV.RM05.HNN.IT-2009-0121.csv', 'IV.RM07.HNE.IT-2009-0121.csv', 'IV.RM07.HNN.IT-2009-0121.csv', 'IV.RM08.HNE.IT-2009-0121.csv', 'IV.RM08.HNN.IT-2009-0121.csv', 'IV.RM10.HNE.IT-2009-0121.csv', 'IV.RM10.HNN.IT-2009-0121.csv', 'IV.RM11.HNE.IT-2009-0121.csv', 'IV.RM11.HNN.IT-2009-0121.csv']",36
IT-2009-0127,4,"['IT.AQV.HNE.IT-2009-0127.csv', 'IT.AQV.HNN.IT-2009-0127.csv', 'IV.RM07.HNE.IT-2009-0127.csv', 'IV.RM07.HNN.IT-2009-0127.csv']",4
IT-2009-0130,4,"['4A.MI01.HNE.IT-2009-0130.csv', '4A.MI01.HNN.IT-2009-0130.csv', 'IT.GSA.HNE.IT-2009-0130.csv', 'IT.GSA.HNN.IT-2009-0130.csv', 'IV.RM07.HNE.IT-2009-0130.csv', 'IV.RM07.HNN.IT-2009-0130.csv']",6
IT-2009-0140,5,"['4A.MI02.HNE.IT-2009-0140.csv', '4A.MI02.HNN.IT-2009-0140.csv', 'IT.AQP.HNE.IT-2009-0140.csv', 'IT.AQP.HNN.IT-2009-0140.csv', 'IT.AQV.HNE.IT-2009-0140.csv', 'IT.AQV.HNN.IT-2009-0140.csv', 'IT.MTR.HNE.IT-2009-0140.csv', 'IT.MTR.HNN.IT-2009-0140.csv', 'IT.PCB.HNE.IT-2009-0140.csv', 'IT.PCB.HNN.IT-2009-0140.csv', 'IV.RM05.HNE.IT-2009-0140.csv', 'IV.RM05.HNN.IT-2009-0140.csv', 'IV.RM07.HNE.IT-2009-0140.csv', 'IV.RM07.HNN.IT-2009-0140.csv', 'IV.RM10.HNE.IT-2009-0140.csv', 'IV.RM10.HNN.IT-2009-0140.csv', 'IV.RM11.HNE.IT-2009-0140.csv', 'IV.RM11.HNN.IT-2009-0140.csv']",18
IT-2009-0174,5,"['IT.AQM.HNE.IT-2009-0174.csv', 'IT.AQM.HNN.IT-2009-0174.csv', 'IT.AQV.HNE.IT-2009-0174.csv', 'IT.AQV.HNN.IT-2009-0174.csv', 'IT.GSA.HNE.IT-2009-0174.csv', 'IT.GSA.HNN.IT-2009-0174.csv', 'IT.PCB.HNE.IT-2009-0174.csv', 'IT.PCB.HNN.IT-2009-0174.csv', 'IV.RM11.HNE.IT-2009-0174.csv', 'IV.RM11.HNN.IT-2009-0174.csv']",10
IT-2009-0177,3,"['IT.PCB.HNE.IT-2009-0177.csv', 'IT.PCB.HNN.IT-2009-0177.csv']",2
IT-2009-0186,4,"['IT.PCB.HNE.IT-2009-0186.csv', 'IT.PCB.HNN.IT-2009-0186.csv']",2
IT-2009-0190,3,"['IT.AQF.HNE.IT-2009-0190.csv', 'IT.AQF.HNN.IT-2009-0190.csv']",2
IT-2009-0199,4,"['4A.MI02.HNE.IT-2009-0199.csv', '4A.MI02.HNN.IT-2009-0199.csv', '4A.MI05.HNE.IT-2009-0199.csv', '4A.MI05.HNN.IT-2009-0199.csv', 'IV.RM03.HNE.IT-2009-0199.csv', 'IV.RM03.HNN.IT-2009-0199.csv']",6
IT-2009-0224,4,"['IT.FAZ.HNE.IT-2009-0224.csv', 'IT.FAZ.HNN.IT-2009-0224.csv', 'IT.MOG.HNE.IT-2009-0224.csv', 'IT.MOG.HNN.IT-2009-0224.csv']",4
IT-2009-0262,4,"['IT.AQF.HNE.IT-2009-0262.csv', 'IT.AQF.HNN.IT-2009-0262.csv', 'IT.AQV.HNE.IT-2009-0262.csv', 'IT.AQV.HNN.IT-2009-0262.csv', 'IT.MTR.HNE.IT-2009-0262.csv', 'IT.MTR.HNN.IT-2009-0262.csv', 'IT.PCB.HNE.IT-2009-0262.csv', 'IT.PCB.HNN.IT-2009-0262.csv', 'IV.RM07.HNE.IT-2009-0262.csv', 'IV.RM07.HNN.IT-2009-0262.csv']",10
IT-2009-0264,3,"['IT.PCB.HNE.IT-2009-0264.csv', 'IT.PCB.HNN.IT-2009-0264.csv']",2
IT-2009-0279,4,"['IT.AQF.HNE.IT-2009-0279.csv', 'IT.AQF.HNN.IT-2009-0279.csv', 'IT.AQP.HNE.IT-2009-0279.csv', 'IT.AQP.HNN.IT-2009-0279.csv', 'IT.AQV.HNE.IT-2009-0279.csv', 'IT.AQV.HNN.IT-2009-0279.csv', 'IV.RM07.HNE.IT-2009-0279.csv', 'IV.RM07.HNN.IT-2009-0279.csv']",8
IT-2009-0283,4,"['IT.AQA.HNE.IT-2009-0283.csv', 'IT.AQA.HNN.IT-2009-0283.csv', 'IT.AQV.HNE.IT-2009-0283.csv', 'IT.AQV.HNN.IT-2009-0283.csv', 'IV.RM26.HNE.IT-2009-0283.csv', 'IV.RM26.HNN.IT-2009-0283.csv']",6
IT-2009-0299,4,"['IT.FRE1.HNE.IT-2009-0299.csv', 'IT.FRE1.HNN.IT-2009-0299.csv']",2
IT-2009-0303,4,"['IT.PCB.HNE.IT-2009-0303.csv', 'IT.PCB.HNN.IT-2009-0303.csv', 'IV.RM26.HNE.IT-2009-0303.csv', 'IV.RM26.HNN.IT-2009-0303.csv']",4
IT-2010-0032,4,"['IT.LPR.HNE.IT-2010-0032.csv', 'IT.LPR.HNN.IT-2010-0032.csv', 'IV.ILLI.HNE.IT-2010-0032.csv', 'IV.ILLI.HNN.IT-2010-0032.csv', 'IV.IVPL.HNE.IT-2010-0032.csv', 'IV.IVPL.HNN.IT-2010-0032.csv']",6
IT-2011-0022,4,"['IT.SUS.HNE.IT-2011-0022.csv', 'IT.SUS.HNN.IT-2011-0022.csv']",2
IT-2011-0065,4,"['IT.STS.HNE.IT-2011-0065.csv', 'IT.STS.HNN.IT-2011-0065.csv', 'IV.SFI.HNE.IT-2011-0065.csv', 'IV.SFI.HNN.IT-2011-0065.csv']",4
IT-2011-0066,3,"['IT.PRM.HNE.IT-2011-0066.csv', 'IT.PRM.HNN.IT-2011-0066.csv', 'IT.STS.HNE.IT-2011-0066.csv', 'IT.STS.HNN.IT-2011-0066.csv']",4
IT-2012-0002,5,"['IT.NVL.HNE.IT-2012-0002.csv', 'IT.NVL.HNN.IT-2012-0002.csv', 'IT.SRP.HNE.IT-2012-0002.csv', 'IT.SRP.HNN.IT-2012-0002.csv']",4
IT-2012-0004,5,"['IT.BDG.HNE.IT-2012-0004.csv', 'IT.BDG.HNN.IT-2012-0004.csv', 'IT.NVL.HNE.IT-2012-0004.csv', 'IT.NVL.HNN.IT-2012-0004.csv', 'IT.SRP.HNE.IT-2012-0004.csv', 'IT.SRP.HNN.IT-2012-0004.csv']",6
IT-2012-0006,5,"['IV.T0813.HNE.IT-2012-0006.csv', 'IV.T0813.HNN.IT-2012-0006.csv']",2
IT-2012-0007,4,"['IV.T0811.HNE.IT-2012-0007.csv', 'IV.T0811.HNN.IT-2012-0007.csv', 'IV.T0813.HNE.IT-2012-0007.csv', 'IV.T0813.HNN.IT-2012-0007.csv']",4
IT-2012-0008,6,"['IT.MRN.HNE.IT-2012-0008.csv', 'IT.MRN.HNN.IT-2012-0008.csv', 'IT.NVL.HNE.IT-2012-0008.csv', 'IT.NVL.HNN.IT-2012-0008.csv']",4
IT-2012-0009,5,"['IT.MRN.HNE.IT-2012-0009.csv', 'IT.MRN.HNN.IT-2012-0009.csv']",2
IT-2012-0010,5,"['IT.CRP.HNE.IT-2012-0010.csv', 'IT.CRP.HNN.IT-2012-0010.csv', 'IT.MRN.HNE.IT-2012-0010.csv', 'IT.MRN.HNN.IT-2012-0010.csv', 'IV.T0800.HNE.IT-2012-0010.csv', 'IV.T0800.HNN.IT-2012-0010.csv', 'IV.T0802.HNE.IT-2012-0010.csv', 'IV.T0802.HNN.IT-2012-0010.csv', 'IV.T0813.HNE.IT-2012-0010.csv', 'IV.T0813.HNN.IT-2012-0010.csv', 'IV.T0814.HNE.IT-2012-0010.csv', 'IV.T0814.HNN.IT-2012-0010.csv', 'IV.T0818.HNE.IT-2012-0010.csv', 'IV.T0818.HNN.IT-2012-0010.csv', 'IV.T0819.HNE.IT-2012-0010.csv', 'IV.T0819.HNN.IT-2012-0010.csv', 'IV.T0824.HNE.IT-2012-0010.csv', 'IV.T0824.HNN.IT-2012-0010.csv']",18
IT-2012-0011,6,"['BA.MIRE.HLE.IT-2012-0011.csv', 'BA.MIRE.HLN.IT-2012-0011.csv', 'BA.MIRE.HLZ.IT-2012-0011.csv', 'BA.MIRH.HLE.IT-2012-0011.csv', 'BA.MIRH.HLN.IT-2012-0011.csv', 'BA.MIRH.HLZ.IT-2012-0011.csv', 'IT.CAS0.HNE.IT-2012-0011.csv', 'IT.CAS0.HNN.IT-2012-0011.csv', 'IT.CNT.HNE.IT-2012-0011.csv', 'IT.CNT.HNN.IT-2012-0011.csv', 'IT.CRP.HNE.IT-2012-0011.csv', 'IT.CRP.HNN.IT-2012-0011.csv', 'IT.FIC0.HNE.IT-2012-0011.csv', 'IT.FIC0.HNN.IT-2012-0011.csv', 'IT.FIN0.HNE.IT-2012-0011.csv', 'IT.FIN0.HNN.IT-2012-0011.csv', 'IT.MDN.HNE.IT-2012-0011.csv', 'IT.MDN.HNN.IT-2012-0011.csv', 'IT.MOG0.HNE.IT-2012-0011.csv', 'IT.MOG0.HNN.IT-2012-0011.csv', 'IT.MRN.HNE.IT-2012-0011.csv', 'IT.MRN.HNN.IT-2012-0011.csv', 'IT.NVL.HNE.IT-2012-0011.csv', 'IT.NVL.HNN.IT-2012-0011.csv', 'IT.RAV0.HNE.IT-2012-0011.csv', 'IT.RAV0.HNN.IT-2012-0011.csv', 'IT.SAG0.HNE.IT-2012-0011.csv', 'IT.SAG0.HNN.IT-2012-0011.csv', 'IT.SAN0.HNE.IT-2012-0011.csv', 'IT.SAN0.HNN.IT-2012-0011.csv', 'IT.SMS0.HNE.IT-2012-0011.csv', 'IT.SMS0.HNN.IT-2012-0011.csv', 'IT.SRP.HNE.IT-2012-0011.csv', 'IT.SRP.HNN.IT-2012-0011.csv', 'IV.T0800.HNE.IT-2012-0011.csv', 'IV.T0800.HNN.IT-2012-0011.csv', 'IV.T0802.HNE.IT-2012-0011.csv', 'IV.T0802.HNN.IT-2012-0011.csv', 'IV.T0803.HNE.IT-2012-0011.csv', 'IV.T0803.HNN.IT-2012-0011.csv', 'IV.T0805.HNE.IT-2012-0011.csv', 'IV.T0805.HNN.IT-2012-0011.csv', 'IV.T0811.HNE.IT-2012-0011.csv', 'IV.T0811.HNN.IT-2012-0011.csv', 'IV.T0812.HNE.IT-2012-0011.csv', 'IV.T0812.HNN.IT-2012-0011.csv', 'IV.T0813.HNE.IT-2012-0011.csv', 'IV.T0813.HNN.IT-2012-0011.csv', 'IV.T0814.HNE.IT-2012-0011.csv', 'IV.T0814.HNN.IT-2012-0011.csv', 'IV.T0817.HNE.IT-2012-0011.csv', 'IV.T0817.HNN.IT-2012-0011.csv', 'IV.T0818.HNE.IT-2012-0011.csv', 'IV.T0818.HNN.IT-2012-0011.csv', 'IV.T0823.HNE.IT-2012-0011.csv', 'IV.T0823.HNN.IT-2012-0011.csv', 'IV.T0824.HNE.IT-2012-0011.csv', 'IV.T0824.HNN.IT-2012-0011.csv']",58
IT-2012-0012,4,"['IT.CAV0.HNE.IT-2012-0012.csv', 'IT.CAV0.HNN.IT-2012-0012.csv', 'IT.CRP.HNE.IT-2012-0012.csv', 'IT.CRP.HNN.IT-2012-0012.csv', 'IT.MOG0.HNE.IT-2012-0012.csv', 'IT.MOG0.HNN.IT-2012-0012.csv', 'IT.MRN.HNE.IT-2012-0012.csv', 'IT.MRN.HNN.IT-2012-0012.csv', 'IT.MRN0.HNE.IT-2012-0012.csv', 'IT.MRN0.HNN.IT-2012-0012.csv', 'IT.POG0.HNE.IT-2012-0012.csv', 'IT.POG0.HNN.IT-2012-0012.csv', 'IT.SAN0.HNE.IT-2012-0012.csv', 'IT.SAN0.HNN.IT-2012-0012.csv', 'IV.T0813.HNE.IT-2012-0012.csv', 'IV.T0813.HNN.IT-2012-0012.csv', 'IV.T0814.HNE.IT-2012-0012.csv', 'IV.T0814.HNN.IT-2012-0012.csv', 'IV.T0818.HNE.IT-2012-0012.csv', 'IV.T0818.HNN.IT-2012-0012.csv', 'IV.T0819.HNE.IT-2012-0012.csv', 'IV.T0819.HNN.IT-2012-0012.csv', 'IV.T0824.HNE.IT-2012-0012.csv', 'IV.T0824.HNN.IT-2012-0012.csv', 'IV.T0826.HNE.IT-2012-0012.csv', 'IV.T0826.HNN.IT-2012-0012.csv', 'IV.T0827.HNE.IT-2012-0012.csv', 'IV.T0827.HNN.IT-2012-0012.csv', 'IV.T0828.HNE.IT-2012-0012.csv', 'IV.T0828.HNN.IT-2012-0012.csv']",30
IT-2012-0023,4,"['IT.FIN0.HNE.IT-2012-0023.csv', 'IT.FIN0.HNN.IT-2012-0023.csv', 'IV.T0813.HNE.IT-2012-0023.csv', 'IV.T0813.HNN.IT-2012-0023.csv']",4
IT-2012-0025,3,"['IT.FIN0.HNE.IT-2012-0025.csv', 'IT.FIN0.HNN.IT-2012-0025.csv', 'IV.T0800.HNE.IT-2012-0025.csv', 'IV.T0800.HNN.IT-2012-0025.csv', 'IV.T0811.HNE.IT-2012-0025.csv', 'IV.T0811.HNN.IT-2012-0025.csv', 'IV.T0813.HNE.IT-2012-0025.csv', 'IV.T0813.HNN.IT-2012-0025.csv']",8
IT-2012-0027,3,"['IT.MRN.HNE.IT-2012-0027.csv', 'IT.MRN.HNN.IT-2012-0027.csv', 'IV.T0813.HNE.IT-2012-0027.csv', 'IV.T0813.HNN.IT-2012-0027.csv', 'IV.T0814.HNE.IT-2012-0027.csv', 'IV.T0814.HNN.IT-2012-0027.csv']",6
IT-2012-0028,3,"['IT.FIN0.HNE.IT-2012-0028.csv', 'IT.FIN0.HNN.IT-2012-0028.csv', 'IT.SAN0.HNE.IT-2012-0028.csv', 'IT.SAN0.HNN.IT-2012-0028.csv', 'IT.SMS0.HNE.IT-2012-0028.csv', 'IT.SMS0.HNN.IT-2012-0028.csv', 'IV.T0800.HNE.IT-2012-0028.csv', 'IV.T0800.HNN.IT-2012-0028.csv', 'IV.T0802.HNE.IT-2012-0028.csv', 'IV.T0802.HNN.IT-2012-0028.csv', 'IV.T0813.HNE.IT-2012-0028.csv', 'IV.T0813.HNN.IT-2012-0028.csv']",12
IT-2012-0029,4,"['IV.T0802.HNE.IT-2012-0029.csv', 'IV.T0802.HNN.IT-2012-0029.csv', 'IV.T0813.HNE.IT-2012-0029.csv', 'IV.T0813.HNN.IT-2012-0029.csv', 'IV.T0818.HNE.IT-2012-0029.csv', 'IV.T0818.HNN.IT-2012-0029.csv']",6
IT-2012-0030,4,"['IT.CRP.HNE.IT-2012-0030.csv', 'IT.CRP.HNN.IT-2012-0030.csv', 'IT.MOG0.HNE.IT-2012-0030.csv', 'IT.MOG0.HNN.IT-2012-0030.csv', 'IV.T0814.HNE.IT-2012-0030.csv', 'IV.T0814.HNN.IT-2012-0030.csv', 'IV.T0818.HNE.IT-2012-0030.csv', 'IV.T0818.HNN.IT-2012-0030.csv']",8
IT-2012-0031,3,"['IT.MRN.HNE.IT-2012-0031.csv', 'IT.MRN.HNN.IT-2012-0031.csv', 'IT.SAN0.HNE.IT-2012-0031.csv', 'IT.SAN0.HNN.IT-2012-0031.csv', 'IV.T0802.HNE.IT-2012-0031.csv', 'IV.T0802.HNN.IT-2012-0031.csv']",6
IT-2012-0032,5,"['IT.CRP.HNE.IT-2012-0032.csv', 'IT.CRP.HNN.IT-2012-0032.csv', 'IT.MOG0.HNE.IT-2012-0032.csv', 'IT.MOG0.HNN.IT-2012-0032.csv', 'IT.MRN.HNE.IT-2012-0032.csv', 'IT.MRN.HNN.IT-2012-0032.csv', 'IT.SAN0.HNE.IT-2012-0032.csv', 'IT.SAN0.HNN.IT-2012-0032.csv', 'IV.T0800.HNE.IT-2012-0032.csv', 'IV.T0800.HNN.IT-2012-0032.csv', 'IV.T0802.HNE.IT-2012-0032.csv', 'IV.T0802.HNN.IT-2012-0032.csv', 'IV.T0813.HNE.IT-2012-0032.csv', 'IV.T0813.HNN.IT-2012-0032.csv', 'IV.T0814.HNE.IT-2012-0032.csv', 'IV.T0814.HNN.IT-2012-0032.csv', 'IV.T0818.HNE.IT-2012-0032.csv', 'IV.T0818.HNN.IT-2012-0032.csv', 'IV.T0819.HNE.IT-2012-0032.csv', 'IV.T0819.HNN.IT-2012-0032.csv', 'IV.T0824.HNE.IT-2012-0032.csv', 'IV.T0824.HNN.IT-2012-0032.csv']",22
IT-2012-0033,3,"['IV.T0819.HNE.IT-2012-0033.csv', 'IV.T0819.HNN.IT-2012-0033.csv', 'IV.T0826.HNE.IT-2012-0033.csv', 'IV.T0826.HNN.IT-2012-0033.csv', 'IV.T0827.HNE.IT-2012-0033.csv', 'IV.T0827.HNN.IT-2012-0033.csv', 'IV.T0828.HNE.IT-2012-0033.csv', 'IV.T0828.HNN.IT-2012-0033.csv']",8
IT-2012-0034,3,"['IT.CAV0.HNE.IT-2012-0034.csv', 'IT.CAV0.HNN.IT-2012-0034.csv', 'IT.MRN.HNE.IT-2012-0034.csv', 'IT.MRN.HNN.IT-2012-0034.csv', 'IT.MRN0.HNE.IT-2012-0034.csv', 'IT.MRN0.HNN.IT-2012-0034.csv', 'IV.T0818.HNE.IT-2012-0034.csv', 'IV.T0818.HNN.IT-2012-0034.csv', 'IV.T0827.HNE.IT-2012-0034.csv', 'IV.T0827.HNN.IT-2012-0034.csv', 'IV.T0828.HNE.IT-2012-0034.csv', 'IV.T0828.HNN.IT-2012-0034.csv']",12
IT-2012-0036,3,"['IT.CAV0.HNE.IT-2012-0036.csv', 'IT.CAV0.HNN.IT-2012-0036.csv', 'IT.MRN.HNE.IT-2012-0036.csv', 'IT.MRN.HNN.IT-2012-0036.csv', 'IT.MRN0.HNE.IT-2012-0036.csv', 'IT.MRN0.HNN.IT-2012-0036.csv', 'IV.T0818.HNE.IT-2012-0036.csv', 'IV.T0818.HNN.IT-2012-0036.csv', 'IV.T0819.HNE.IT-2012-0036.csv', 'IV.T0819.HNN.IT-2012-0036.csv', 'IV.T0827.HNE.IT-2012-0036.csv', 'IV.T0827.HNN.IT-2012-0036.csv', 'IV.T0828.HNE.IT-2012-0036.csv', 'IV.T0828.HNN.IT-2012-0036.csv']",14
IT-2012-0050,3,"['IT.RQT.HNE.IT-2012-0050.csv', 'IT.RQT.HNN.IT-2012-0050.csv']",2
IT-2012-0061,5,"['IT.0LAI.HGE.IT-2012-0061.csv', 'IT.0LAI.HGN.IT-2012-0061.csv', 'IT.0MOR.HGE.IT-2012-0061.csv', 'IT.0MOR.HGN.IT-2012-0061.csv', 'IT.0ORS.HGE.IT-2012-0061.csv', 'IT.0ORS.HGN.IT-2012-0061.csv', 'IT.0PAP.HGE.IT-2012-0061.csv', 'IT.0PAP.HGN.IT-2012-0061.csv', 'IT.MRM.HGE.IT-2012-0061.csv', 'IT.MRM.HGN.IT-2012-0061.csv', 'IT.ORS.HGE.IT-2012-0061.csv', 'IT.ORS.HGN.IT-2012-0061.csv', 'IT.VGG.HGE.IT-2012-0061.csv', 'IT.VGG.HGN.IT-2012-0061.csv']",14
IT-2012-0065,4,"['IT.MRN.HNE.IT-2012-0065.csv', 'IT.MRN.HNN.IT-2012-0065.csv']",2
IT-2012-0066,4,"['IV.T0818.HNE.IT-2012-0066.csv', 'IV.T0818.HNN.IT-2012-0066.csv']",2
IT-2012-0076,4,"['IV.T0800.HNE.IT-2012-0076.csv', 'IV.T0800.HNN.IT-2012-0076.csv', 'IV.T0802.HNE.IT-2012-0076.csv', 'IV.T0802.HNN.IT-2012-0076.csv', 'IV.T0813.HNE.IT-2012-0076.csv', 'IV.T0813.HNN.IT-2012-0076.csv', 'IV.T0814.HNE.IT-2012-0076.csv', 'IV.T0814.HNN.IT-2012-0076.csv', 'IV.T0818.HNE.IT-2012-0076.csv', 'IV.T0818.HNN.IT-2012-0076.csv', 'IV.T0819.HNE.IT-2012-0076.csv', 'IV.T0819.HNN.IT-2012-0076.csv']",12
IT-2012-0077,4,"['IT.MRN.HNE.IT-2012-0077.csv', 'IT.MRN.HNN.IT-2012-0077.csv', 'IV.T0814.HNE.IT-2012-0077.csv', 'IV.T0814.HNN.IT-2012-0077.csv']",4
IT-2013-0003,4,"['IT.PSC.HGE.IT-2013-0003.csv', 'IT.PSC.HGN.IT-2013-0003.csv', 'IV.POFI.HNE.IT-2013-0003.csv', 'IV.POFI.HNN.IT-2013-0003.csv']",4
IT-2013-0005,5,"['GU.FIVI.HNE.IT-2013-0005.csv', 'GU.FIVI.HNN.IT-2013-0005.csv', 'IT.FVZ.HGE.IT-2013-0005.csv', 'IT.FVZ.HGN.IT-2013-0005.csv', 'IT.PZS.HGE.IT-2013-0005.csv', 'IT.PZS.HGN.IT-2013-0005.csv', 'IT.VGL.HGE.IT-2013-0005.csv', 'IT.VGL.HGN.IT-2013-0005.csv', 'IT.VLM.HGE.IT-2013-0005.csv', 'IT.VLM.HGN.IT-2013-0005.csv']",10
IT-2013-0006,4,"['GU.FIVI.HNE.IT-2013-0006.csv', 'GU.FIVI.HNN.IT-2013-0006.csv']",2
IT-2013-0008,4,"['GU.FIVI.HNE.IT-2013-0008.csv', 'GU.FIVI.HNN.IT-2013-0008.csv', 'IT.0MAG.HGE.IT-2013-0008.csv', 'IT.0MAG.HGN.IT-2013-0008.csv', 'IT.0MIN.HGE.IT-2013-0008.csv', 'IT.0MIN.HGN.IT-2013-0008.csv', 'IT.0SIL.HGE.IT-2013-0008.csv', 'IT.0SIL.HGN.IT-2013-0008.csv', 'IT.FVZ.HGE.IT-2013-0008.csv', 'IT.FVZ.HGN.IT-2013-0008.csv', 'IT.VGL.HGE.IT-2013-0008.csv', 'IT.VGL.HGN.IT-2013-0008.csv', 'IV.T0912.HNE.IT-2013-0008.csv', 'IV.T0912.HNN.IT-2013-0008.csv']",14
IT-2013-0009,4,"['GU.FIVI.HNE.IT-2013-0009.csv', 'GU.FIVI.HNN.IT-2013-0009.csv', 'IT.0EQT.HGE.IT-2013-0009.csv', 'IT.0EQT.HGN.IT-2013-0009.csv', 'IT.0MAG.HGE.IT-2013-0009.csv', 'IT.0MAG.HGN.IT-2013-0009.csv', 'IT.0MIN.HGE.IT-2013-0009.csv', 'IT.0MIN.HGN.IT-2013-0009.csv', 'IT.FVZ.HGE.IT-2013-0009.csv', 'IT.FVZ.HGN.IT-2013-0009.csv', 'IV.T0912.HNE.IT-2013-0009.csv', 'IV.T0912.HNN.IT-2013-0009.csv']",12
IT-2013-0010,4,"['IT.SRL.HGE.IT-2013-0010.csv', 'IT.SRL.HGN.IT-2013-0010.csv']",2
IT-2013-0013,4,"['IT.NAS.HGE.IT-2013-0013.csv', 'IT.NAS.HGN.IT-2013-0013.csv']",2
IT-2013-0014,4,"['IT.SRL.HGE.IT-2013-0014.csv', 'IT.SRL.HGN.IT-2013-0014.csv']",2
IT-2013-0017,3,"['IT.PTL.HGE.IT-2013-0017.csv', 'IT.PTL.HGN.IT-2013-0017.csv']",2
IT-2013-0018,4,"['IT.MFG.HGE.IT-2013-0018.csv', 'IT.MFG.HGN.IT-2013-0018.csv']",2
IT-2013-0019,5,"['IT.BOJ.HGE.IT-2013-0019.csv', 'IT.BOJ.HGN.IT-2013-0019.csv', 'IT.GSN.HGE.IT-2013-0019.csv', 'IT.GSN.HGN.IT-2013-0019.csv', 'IT.PDM.HGE.IT-2013-0019.csv', 'IT.PDM.HGN.IT-2013-0019.csv', 'IT.SPT1.HGE.IT-2013-0019.csv', 'IT.SPT1.HGN.IT-2013-0019.csv']",8
IT-2014-0003,4,"['IT.SPT1.HGE.IT-2014-0003.csv', 'IT.SPT1.HGN.IT-2014-0003.csv']",2
IT-2016-0001,4,"['IV.NRCA.HNE.IT-2016-0001.csv', 'IV.NRCA.HNN.IT-2016-0001.csv', 'IV.T1214.HNE.IT-2016-0001.csv', 'IV.T1214.HNN.IT-2016-0001.csv']",4
LI-1992-0001,4,"['CH.SCHH.HNE.LI-1992-0001.csv', 'CH.SCHH.HNN.LI-1992-0001.csv']",2
ME-1979-0002,5,"['EU.ULA.HNE.ME-1979-0002.csv', 'EU.ULA.HNN.ME-1979-0002.csv', 'EU.ULO.HNE.ME-1979-0002.csv', 'EU.ULO.HNN.ME-1979-0002.csv']",4
ME-1979-0003,6,"['CR.DUB.HNE.ME-1979-0003.csv', 'CR.DUB.HNN.ME-1979-0003.csv', 'CR.VELS.HNE.ME-1979-0003.csv', 'CR.VELS.HNN.ME-1979-0003.csv', 'EU.BAR.HNE.ME-1979-0003.csv', 'EU.BAR.HNN.ME-1979-0003.csv', 'EU.DEB.HNE.ME-1979-0003.csv', 'EU.DEB.HNN.ME-1979-0003.csv', 'EU.GAC.HNE.ME-1979-0003.csv', 'EU.GAC.HNN.ME-1979-0003.csv', 'EU.HRZ.HNE.ME-1979-0003.csv', 'EU.HRZ.HNN.ME-1979-0003.csv', 'EU.PETO.HNE.ME-1979-0003.csv', 'EU.PETO.HNN.ME-1979-0003.csv', 'EU.TIG.HNE.ME-1979-0003.csv', 'EU.TIG.HNN.ME-1979-0003.csv', 'EU.ULO.HNE.ME-1979-0003.csv', 'EU.ULO.HNN.ME-1979-0003.csv']",18
ME-1979-0005,4,"['EU.BAR.HNE.ME-1979-0005.csv', 'EU.BAR.HNN.ME-1979-0005.csv']",2
ME-1979-0006,5,"['EU.HRZ.HNE.ME-1979-0006.csv', 'EU.HRZ.HNN.ME-1979-0006.csv', 'EU.PETO.HNE.ME-1979-0006.csv', 'EU.PETO.HNN.ME-1979-0006.csv']",4
ME-1979-0009,4,"['EU.BUD.HNE.ME-1979-0009.csv', 'EU.BUD.HNN.ME-1979-0009.csv']",2
ME-1979-0010,4,"['EU.BUD.HNE.ME-1979-0010.csv', 'EU.BUD.HNN.ME-1979-0010.csv', 'EU.KOTZ.HNE.ME-1979-0010.csv', 'EU.KOTZ.HNN.ME-1979-0010.csv']",4
ME-1979-0011,4,"['EU.ULO.HNE.ME-1979-0011.csv', 'EU.ULO.HNN.ME-1979-0011.csv']",2
ME-1979-0012,6,"['EU.BAR.HNE.ME-1979-0012.csv', 'EU.BAR.HNN.ME-1979-0012.csv', 'EU.BUD.HNE.ME-1979-0012.csv', 'EU.BUD.HNN.ME-1979-0012.csv', 'EU.HRZ.HNE.ME-1979-0012.csv', 'EU.HRZ.HNN.ME-1979-0012.csv', 'EU.KOTN.HNE.ME-1979-0012.csv', 'EU.KOTN.HNN.ME-1979-0012.csv', 'EU.KOTZ.HNE.ME-1979-0012.csv', 'EU.KOTZ.HNN.ME-1979-0012.csv', 'EU.PET.HNE.ME-1979-0012.csv', 'EU.PET.HNN.ME-1979-0012.csv', 'EU.TIVA.HNE.ME-1979-0012.csv', 'EU.TIVA.HNN.ME-1979-0012.csv']",14
ME-1979-0013,4,"['EU.ULO.HNE.ME-1979-0013.csv', 'EU.ULO.HNN.ME-1979-0013.csv']",2
RO-1990-0003,6,"['RO.A39.HNE.RO-1990-0003.csv', 'RO.A39.HNN.RO-1990-0003.csv']",2
SI-1995-0008,4,"['SI.CEY.HNE.SI-1995-0008.csv', 'SI.CEY.HNN.SI-1995-0008.csv']",2
SI-1998-0011,4,"['SI.DRZN.HNE.SI-1998-0011.csv', 'SI.DRZN.HNN.SI-1998-0011.csv', 'SI.LEPN.HNE.SI-1998-0011.csv', 'SI.LEPN.HNN.SI-1998-0011.csv', 'SI.TRNT.HNE.SI-1998-0011.csv', 'SI.TRNT.HNN.SI-1998-0011.csv']",6
TK-1999-0077,7,"['A.ARC.HNE.TK-1999-0077.csv', 'A.ARC.HNN.TK-1999-0077.csv', 'A.ATK.HNE.TK-1999-0077.csv', 'A.ATK.HNN.TK-1999-0077.csv', 'A.ATS.HNE.TK-1999-0077.csv', 'A.ATS.HNN.TK-1999-0077.csv', 'A.DHM.HNE.TK-1999-0077.csv', 'A.DHM.HNN.TK-1999-0077.csv', 'A.MCD.HNE.TK-1999-0077.csv', 'A.MCD.HNN.TK-1999-0077.csv', 'A.MSK.HNE.TK-1999-0077.csv', 'A.MSK.HNN.TK-1999-0077.csv', 'A.ZYT.HNE.TK-1999-0077.csv', 'A.ZYT.HNN.TK-1999-0077.csv']",14
TK-1999-0415,7,"['A.487.HNE.TK-1999-0415.csv', 'A.487.HNN.TK-1999-0415.csv', 'A.496.HNE.TK-1999-0415.csv', 'A.496.HNN.TK-1999-0415.csv', 'A.498.HNE.TK-1999-0415.csv', 'A.498.HNN.TK-1999-0415.csv', 'A.C0375.HNE.TK-1999-0415.csv', 'A.C0375.HNN.TK-1999-0415.csv', 'A.C1058.HNE.TK-1999-0415.csv', 'A.C1058.HNN.TK-1999-0415.csv', 'A.C1059.HNE.TK-1999-0415.csv', 'A.C1059.HNN.TK-1999-0415.csv', 'A.C1060.HNE.TK-1999-0415.csv', 'A.C1060.HNN.TK-1999-0415.csv', 'A.C1061.HNE.TK-1999-0415.csv', 'A.C1061.HNN.TK-1999-0415.csv', 'A.C1062.HNE.TK-1999-0415.csv', 'A.C1062.HNN.TK-1999-0415.csv', 'A.D0531.HNE.TK-1999-0415.csv', 'A.D0531.HNN.TK-1999-0415.csv', 'A.HIL.HNE.TK-1999-0415.csv', 'A.HIL.HNN.TK-1999-0415.csv']",22
UZ-1976-0001,6,"['A.GZL.HNE.UZ-1976-0001.csv', 'A.GZL.HNN.UZ-1976-0001.csv']",2
